trans_x	trans_y	trans_z	rot_x	rot_y	rot_z	dvars_std	dvars_nstd	dvars_vstd	framewise_displacement	aqi	aor
0.0	-0.0	0.0	-0.0	0.0	-0.0	n/a	n/a	n/a	n/a	0.0556675	0.00218
-0.0005	0.0012	0.0083	0.0004049163864626844	0.00020420352248333657	-0.0003577924966588376	1.1088016	59.52165604	0.96166377	0.05834562028024293	0.0540606	0.00139
-0.0159	-0.0021	0.0359	-0.0005393067388662478	0.00015184364492350666	-0.0005480333851262194	1.09606504	58.83794022	0.96070158	0.1056411945678072	0.0510415	0.00077
-0.0111	0.0159	0.0069	-0.0002530727415391778	7.853981633974481e-05	-0.00035604716740684323	1.07935607	57.94098663	0.94668264	0.07937620218151038	0.0500804	0.00069
-0.01	0.0198	0.0183	0.0003525565089028545	0.00013788101090755203	-0.0004188790204786391	1.06485868	57.16275406	0.94455335	0.05279011490408177	0.0533202	0.00099
-0.024	-0.0057	0.0379	-0.00037350045992678646	9.42477796076938e-05	-0.0005183627878423159	1.07088554	57.48628235	0.94638257	0.1025586983746588	0.0528931	0.00087
-0.0153	0.0067	0.0223	0.000158824961931484	8.901179185171081e-05	-0.0004363323129985824	1.12673271	60.4842186	0.94710599	0.06767959422289935	0.0539957	0.00114
-0.0109	0.0096	0.03	0.00017453292519943296	9.948376736367679e-05	-0.00032812189937493397	1.1128875	59.74098969	0.94393565	0.02171951762017816	0.0534706	0.00104
-0.0103	-0.0079	0.0293	0.00032463124087094524	4.0142572795869576e-05	-0.0001658062789394613	1.11182058	59.68371964	0.94676023	0.0373877565337396	0.0542969	0.00099
-0.0132	0.0021	0.033	0.0003630284844148205	0.00011519173063162575	-0.00031415926535897925	1.10623598	59.38392639	0.94479963	0.02968996938995747	0.0535194	0.00084
-0.0178	0.0106	0.0374	0.00035430183815484887	1.5707963267948964e-05	-0.00020594885173533088	1.06517684	57.17982864	0.93475151	0.02832104136236484	0.0540419	0.00112
-0.0322	0.0366	0.0133	-0.0005846852994181004	-0.00028274333882308137	-3.316125578789226e-05	1.09332967	58.69110489	0.96889996	0.13501130178057089	0.0519644	0.00108
-0.0418	-0.0071	0.0228	-0.00010471975511965978	-0.00037350045992678646	-0.00011344640137963142	1.08384871	58.18215942	0.99394393	0.09535039054969424	0.0520068	0.00104
-0.0416	-0.0215	0.0406	-0.001069886831472524	-0.00022863813201125715	-0.0003612831551628262	1.05284882	56.51805115	0.97326392	0.1002933079025794	0.0495811	0.00089
-0.0647	-0.0074	0.0808	-0.001158898623324235	0.0001308996938995747	-0.0003647738136668148	1.06855476	57.36116028	0.99927024	0.10000201381332655	0.0555702	0.00171
-0.0607	0.0083	0.0867	-0.0012164944886400475	-0.0005183627878423159	0.00022340214425527416	1.07975709	57.96251297	0.99840023	0.0903517152489896	0.0589556	0.00184
-0.0772	-0.0301	0.0297	-0.00018151424220741024	-0.0011030480872604163	0.0009686577348568529	1.1721518	62.92235947	1.04698653	0.23014605682261585	0.0612038	0.00271
-0.109	-0.055	0.0422	-0.0003630284844148205	-0.0017174039839624202	0.0011466813185602744	1.17791665	63.23182297	1.04172455	0.11789468613064177	0.0607588	0.00312
-0.1002	-0.0659	0.0397	-0.0003525565089028545	-0.001553343034274953	0.001361356816555577	1.12284958	60.27576447	0.97739115	0.04166042115973679	0.0620777	0.00272
-0.0871	-0.0137	-0.0094	-0.0014695672301792255	-0.0016650441064025902	0.0016528268016386303	1.156708	62.09332275	1.03595269	0.19040908892435304	0.0562187	0.00167
-0.0765	-0.0036	-0.1504	-0.0007347836150896127	-0.0021799162357409173	0.001689478715930511	1.20645571	64.76383209	1.05354874	0.22601538293599105	0.0525269	0.00115
-0.0696	-0.0718	-0.0875	-0.0007208209810736582	-0.002045525883337354	0.001710422666954443	1.18769646	63.75681305	1.00693204	0.14646484687217248	0.0506979	0.00106
-0.1094	-0.0313	-0.0186	-0.001424188669627373	-0.0022270401255447643	0.00017976891295541595	1.12324727	60.29711533	1.01136464	0.2699767842380076	0.0490128	0.00071
-0.0849	-0.004	-0.0417	-0.002190388211252884	-0.0024609142453120045	0.000614355896702004	1.14038789	61.21723938	1.00304332	0.14663303225696694	0.0462263	0.00056
-0.0761	0.0019	-0.0975	-0.001446877949903299	-0.002078687139125246	0.0008656833089891874	1.11309576	59.75216675	0.98620003	0.13935323899117633	0.0461037	0.00048
-0.0548	-0.001	-0.0984	-0.0009354964790689606	-0.0019216075064457567	0.0010943214410004448	1.15796149	62.1606102	0.99147916	0.06995496177625427	0.0495209	0.00062
-0.0499	0.0244	-0.1575	-0.0012863076587198209	-0.0025254914276357948	0.0015899949485668342	1.17348623	62.99399567	1.03177824	0.16191843042036438	0.0482139	0.00052
-0.044	-0.0187	-0.1388	-0.001980948701013564	-0.0023457225146803788	0.0016022122533307947	1.12152302	60.20455551	0.99136621	0.11203136300065598	0.0452734	0.00029
-0.0724	0.053	-0.2174	-0.002410299697004169	-0.0030997047515419294	0.0012583823906879114	1.135813	60.9716568	1.0187117	0.255058154774752	0.0471096	0.00041
-0.09	0.1434	-0.2726	-0.002363175807200322	-0.0032096604944175725	0.0010384709049366262	1.15406549	61.95146942	1.0319804	0.1820495559215388	0.051616	0.00067
-0.0812	0.0365	-0.2828	-0.0021886428820008896	-0.004255112716362175	0.0007749261878854823	1.171417	62.8829155	1.03951631	0.20007649320975887	0.0510868	0.00056
-0.0999	0.0142	-0.1001	-0.0038781215979314006	-0.0035238197597765512	0.0002844886680750757	1.23779857	66.4463501	1.11804649	0.36926045961632714	0.0428439	0.00034
-0.1019	0.0622	-0.1207	-0.0034993851502486306	-0.0031799898971336684	0.00024260076602721178	1.08586287	58.29027939	0.98074587	0.10882271061867584	0.0426582	0.00022
-0.1109	0.0377	-0.1575	-0.00301941960595019	-0.003040363556974122	1.5707963267948964e-05	1.1046133	59.29682159	0.9727011	0.11262423436086248	0.0423041	0.00019
-0.1138	0.0525	-0.2761	-0.005166174585903216	-0.00650658745143486	0.0007470009198535729	1.27806497	68.6078949	1.16529659	0.45351359154996934	0.0595845	0.00341
-0.1198	0.0049	-0.1656	-0.004661774432076854	-0.0037350045992678655	-5.4105206811824215e-05	1.31207573	70.43362427	1.23032211	0.36795445663293774	0.0474147	0.00039
-0.1532	-0.0102	-0.0636	-0.004717624968140673	-0.003152064629101759	-0.00047822021504644627	1.18281662	63.49485779	1.07897798	0.20364527572322735	0.0422812	0.00018
-0.1247	0.2441	-0.248	-0.008984954989266809	-0.0032829643230013338	0.00017627825445142725	1.37697947	73.91773224	1.31331562	0.7198364092261793	0.0645731	0.00473
-0.0695	0.2606	-0.3088	-0.01298001364708183	-0.0030613075079980543	0.0012112585008840647	1.37460589	73.79031372	1.23712702	0.39508478596254687	0.0794837	0.00935
-0.0658	0.1315	-0.1807	-0.011140436615479804	-0.0022270401255447643	0.0012461650859239514	1.22300625	65.65228271	1.10097549	0.39633754995476006	0.062596	0.00272
-0.0896	0.177	-0.1987	-0.009602801544472801	-0.0010471975511965976	-0.00015533430342749534	1.14433265	61.42900085	1.0215584	0.2932488517353308	0.0527272	0.00058
-0.1353	0.111	-0.1266	-0.008653342431387885	-0.0007993607974134029	-8.901179185171081e-05	1.13617754	60.9912262	1.02550926	0.24698091892219476	0.050972	0.00048
-0.1659	0.1174	-0.1336	-0.007728317927830892	-0.0004886921905584122	0.00012042771838760874	1.13864219	61.12353134	1.02203753	0.11625663103256516	0.0487002	0.00018
-0.1688	0.0595	-0.0722	-0.007581710270663368	-0.0005619960191421741	-0.0007731808586334879	1.14065278	61.23146057	1.01693976	0.17787600313861915	0.0448511	0.00013
-0.2027	0.0503	-0.0124	-0.008093091741497705	-0.0006579891280018621	-0.0020699604928652747	1.13372469	60.85955048	1.00773622	0.19810771069629063	0.0449026	0.00012
-0.1829	0.027	-0.087	-0.006152285613280011	-0.0005462880558742252	-0.0013788101090755204	1.14991975	61.7289238	1.02642281	0.25488287920675423	0.0407295	0.0001
-0.1857	0.0947	-0.2709	-0.007033676885537148	-0.0009337511498169664	-0.0008011061266653974	1.20903349	64.90220642	1.09166314	0.3467279174305	0.0463327	0.00014
-0.1798	-0.0125	-0.0663	-0.006072000467688272	-1.5707963267948964e-05	-0.001228711793404008	1.25375736	67.30303192	1.12322667	0.4330662635568252	0.0405992	7e-05
-0.1786	0.0087	0.0047	-0.006230825429619756	0.00018675022996339323	-0.0014049900478554352	1.14607382	61.52246857	1.00367545	0.12027807048071264	0.0421845	0.0001
-0.1907	0.0696	0.0254	-0.006735225583446118	0.0002705260340591211	-0.0012252211349000194	1.12293375	60.28028107	0.98971723	0.13209724354387525	0.0456105	0.00016
-0.2223	0.0587	0.008	-0.007670722062515079	0.00039793506945470715	-0.0013980087308474581	1.12183952	60.22154617	0.98636399	0.12168465552059926	0.0477321	0.00016
-0.2432	0.0802	0.0076	-0.008581783932056119	0.000577703982410123	-0.0022985986248765322	1.10822308	59.49060059	0.97224055	0.14237103382627647	0.0499586	0.00014
-0.2145	0.1668	0.0031	-0.01077915346031698	0.000661479786505851	-0.002717477645355171	1.16084421	62.31535721	1.03785603	0.25480121764176145	0.0588609	0.00185
-0.235	0.1815	-0.0658	-0.011135200627723822	0.0006213372137099814	-0.002155481626212997	1.22336709	65.67165375	1.05515264	0.15200928796724425	0.0639291	0.00207
-0.231	0.1841	-0.0804	-0.010725048253505155	0.0003577924966588376	-0.0021380283336930534	1.14792597	61.62189102	1.0307349	0.05575751918948772	0.0625627	0.00252
-0.2201	0.1284	-0.054	-0.009395107363485476	0.00032463124087094524	-0.002141518992197042	1.22917819	65.9835968	1.07659926	0.16132964021557808	0.0537437	0.00062
-0.2394	0.096	-0.0223	-0.00937241808320955	0.0010000736613927507	-0.0022165681500327986	1.19273686	64.02738953	1.00480701	0.12205904293167436	0.0526053	0.00051
-0.2481	0.1342	0.0097	-0.009548696337660976	0.0012112585008840647	-0.0018657569703819383	1.116678	59.94446564	0.99511139	0.11581371367968	0.056632	0.00061
-0.2455	0.1097	-0.0306	-0.008295549934729049	0.000486946861306418	-0.001054178868204575	1.14407361	61.41509247	1.01885458	0.20685180723434687	0.0523331	0.00033
-0.2127	0.1032	-0.0826	-0.006984807666481306	0.00015009831567151235	-0.00039968039870670147	1.14393961	61.40789795	1.01146835	0.2064044641690261	0.047418	7e-05
-0.2167	0.0591	-0.0334	-0.006475171524898962	0.0001884955592153876	-0.0006440264939859076	1.11338031	59.76744461	0.98738982	0.13691897402027128	0.0447419	8e-05
-0.2173	0.0389	0.0059	-0.006806784082777885	0.0005113814708343385	-0.0006632251157578452	1.0713377	57.51055145	0.95239874	0.09378485456349056	0.0462754	0.00014
-0.2353	0.0737	-0.0134	-0.006726498937186146	0.000973893722612836	-0.0011065387457644049	1.08487642	58.23732376	0.94725652	0.1214055513688398	0.0471585	8e-05
-0.2492	0.0628	0.0047	-0.007152359274672762	0.0013683381335635543	-0.001424188669627373	1.13490307	60.9228096	0.95442467	0.09979773361501507	0.0488356	6e-05
-0.2682	0.0751	-0.0105	-0.007150613945420769	0.0015899949485668342	-0.0016929693744344998	1.07867432	57.90438843	0.94207962	0.07110914245311999	0.0496725	0.00017
-0.2541	0.0788	0.014	-0.007562511648891429	0.0017174039839624202	-0.001706932008450454	1.11351919	59.77489853	0.98287307	0.06996346864411004	0.0534185	0.00048
-0.2562	0.1084	-0.0867	-0.008737118235483614	0.002239257430308725	-0.0032044245066615894	1.25343752	67.28586578	1.09727736	0.2920976265574812	0.0533868	0.00029
-0.2158	0.2072	-0.2441	-0.009543460349904992	0.002001892652037496	-0.0031031954100459182	1.2059381	64.73604584	1.08513323	0.353846799465414	0.0547643	0.00064
-0.2193	0.1707	-0.2447	-0.008229227423153265	0.0021135937241651332	-0.003321361566545209	1.12882054	60.59629059	0.99199004	0.12280500776893279	0.0499175	0.00021
-0.2223	0.1042	-0.1813	-0.0067928214487619305	0.0025272367568877894	-0.003490658503988659	1.15673161	62.09458923	1.0200081	0.233867297227872	0.0453066	0.00012
-0.1958	0.0129	-0.0251	-0.0057752944948492365	0.0030979594222899347	-0.0029024825460665696	1.19840419	64.33161926	1.09535251	0.3828212788618464	0.0437778	0.00019
-0.2056	0.0548	0.0054	-0.0057142079710294355	0.0027768188399229783	-0.0028571039855147177	1.1058042	59.36075211	0.98705286	0.10358028333693046	0.0424929	0.00013
-0.2197	0.0682	0.0214	-0.005042256209011618	0.002858849314766712	-0.0033353242005611634	1.0802058	57.98660278	0.96124574	0.10511012259539984	0.044309	0.00016
-0.2197	0.0932	0.0419	-0.005914920835008782	0.0026808257310632897	-0.0033667401270970616	1.09126031	58.5800209	0.98299102	0.09960520681182426	0.0477477	0.00019
-0.2197	0.0736	0.02	-0.0062116268078478195	0.0026197392072434887	-0.0038536869884034796	1.13416231	60.8830452	0.98901289	0.08373696789826282	0.0459846	0.0002
-0.2025	0.0857	-0.0737	-0.006750933546714066	0.0024801128670839424	-0.0034051373706409367	1.14337742	61.37772369	1.00341883	0.17937413483941675	0.0427986	0.00017
-0.2098	0.0997	-0.0846	-0.007927285462558244	0.002078687139125246	-0.0027855454861829498	1.11847031	60.04067993	0.98633644	0.14206847641304304	0.0469475	0.00015
-0.1972	0.109	-0.1396	-0.008763298174263528	0.0016074482410867775	-0.0022898719786165604	1.12482464	60.38178635	0.99075692	0.1670462558655071	0.0481294	0.00013
-0.174	0.117	-0.1839	-0.008826130027335325	0.0014259339988793671	-0.00204378055408536	1.09536958	58.80060959	0.98106233	0.10002187599052036	0.0471253	0.00013
-0.176	-0.0048	0.0159	-0.007031931556285153	0.0018343410438460403	-0.0018762289458939042	1.22326887	65.66638184	1.12094806	0.442107856210415	0.0448275	0.00017
-0.1787	0.0184	0.0594	-0.006431538293599104	0.002239257430308725	-0.0022636920398366456	1.13159907	60.74544525	0.99637769	0.1390386371545738	0.0434509	0.00011
-0.1712	0.0408	0.0507	-0.005955063407804653	0.0020263272615654165	-0.0018133970928221085	1.11222446	59.70539474	0.96654967	0.09558500007761485	0.0434472	0.0001
-0.1844	0.0234	0.0353	-0.00514348530562729	0.0018343410438460403	-0.001960004749989632	1.08392322	58.18615341	0.96226302	0.10350859885321316	0.0417556	0.00018
-0.1466	0.072	0.0181	-0.006283185307179587	0.0012863076587198209	-0.0012723450247038664	1.13073254	60.69892883	0.99881506	0.2223696555982141	0.0415732	0.00016
-0.1523	0.0813	0.0097	-0.0070685834705770355	0.0009808750396208131	-0.0012025318546240932	1.12726629	60.51285553	0.97206602	0.08143219762881147	0.0443593	0.00016
-0.1511	0.0575	-0.0317	-0.00478918346747244	0.0006475171524898963	-0.000921533845053006	1.10954034	59.56131363	1.00559232	0.21108779499032995	0.0393615	8e-05
-0.1529	0.0474	-0.1412	-0.004839798015780276	0.0008429940287132613	-0.0010611601852125523	1.17837858	63.2566185	1.02044577	0.14068588823453734	0.0375677	0.00012
-0.1667	0.014	-0.0654	-0.004218460802070294	0.0014748032179352085	-0.0009494591130849152	1.11819899	60.02611923	1.00035051	0.19124237375297828	0.0382462	9e-05
-0.1688	0.0176	-0.0477	-0.004036946559862884	0.001616174887346749	-0.0007086036763096977	1.14605474	61.52144241	0.95902075	0.05158706741970842	0.0401278	0.00012
-0.1782	0.0838	-0.065	-0.004644321139556911	0.0017383479349863521	-0.0008412486994612669	1.12402868	60.33906174	1.01175533	0.13600963252425996	0.0420777	0.00014
-0.2026	0.0422	-0.0891	-0.00376118453804778	0.001853539665617978	-0.0011466813185602744	1.10855329	59.50832748	0.99915315	0.1552880475619882	0.0396632	9e-05
-0.2161	0.0912	-0.1465	-0.006140068308516051	0.0014608405839192536	-0.001450368608407288	1.17885447	63.28216934	1.0385751	0.2736635071007004	0.04431	0.0001
-0.161	-0.0077	-0.1501	-0.008173376887089445	0.0009354964790689606	-0.002595304597715568	1.20696092	64.79095459	1.07510993	0.34277943363659835	0.0417078	0.00016
-0.1433	0.0159	-0.1543	-0.006436774281355088	0.0011501719770642632	-0.0021589722847169856	1.2217536	65.58503723	1.05371195	0.16488052083641208	0.0387522	3e-05
-0.0976	0.0032	0.0134	-0.003298672286269283	0.0002617993877991494	-0.0013927727430914749	1.29431677	69.48030853	1.21343491	0.46573370629882144	0.0403219	0.00019
-0.0707	0.1055	-0.0357	-0.006000441968356505	-4.537856055185256e-05	-0.0012339477811599909	1.20590687	64.73436737	1.11680844	0.33668862961848534	0.0382625	0.00011
-0.0896	0.0476	0.0072	-0.005722934617289407	-0.0004677482395344803	-0.001129228026040331	1.11764455	59.99635315	1.00426104	0.15992983925846926	0.0393448	0.00019
-0.0991	0.0283	0.0396	-0.006682865705886288	-0.001228711793404008	-0.0011484266478122688	1.13017583	60.66904831	1.0200724	0.14820466321191733	0.045249	0.00043
-0.103	0.0875	-0.0398	-0.0068643799480936985	-0.0012077678423800758	-0.002007128639793479	1.15799606	62.16246414	1.03245115	0.1955580092606276	0.0399854	0.00014
-0.0399	0.1235	-0.1081	-0.008833111344343302	-0.0002740166925631097	-0.001780235837034216	1.16705942	62.64899826	1.0518311	0.3238687674412916	0.0444458	0.00048
-0.0438	0.1564	-0.2294	-0.008442157591896572	-0.0008237954069413235	-0.0019879300180215415	1.23523664	66.30882263	1.07321574	0.21552133239061344	0.0461427	0.00024
-0.078	0.0189	-0.1515	-0.007204719152232592	-0.0002600540585471551	-0.001439896632895322	1.24388623	66.77313995	1.08611004	0.3670606586592184	0.0390824	0.00018
-0.1008	0.0694	-0.2258	-0.006180210881311922	-0.000582939970166106	-0.001668534764906579	1.19985485	64.40949249	1.05883106	0.2264016157275439	0.0399287	0.00015
-0.1298	0.0939	-0.2366	-0.006393141050055229	-0.0004956735075663896	-0.0026075219024795284	1.16187024	62.37043381	1.00032188	0.1262591884457986	0.0372482	7e-05
-0.1406	0.0969	-0.266	-0.006665412413366345	-0.0005794493116621174	-0.002841396022246768	1.09549809	58.80751038	0.96374433	0.07269606435870422	0.0382264	5e-05
-0.1496	0.0251	-0.0914	-0.006290166624187564	-0.0005602506898901797	-0.0030997047515419294	1.17045116	62.83106613	1.05007688	0.28803765701229406	0.0356194	5e-05
-0.1839	0.1087	-0.0822	-0.008033750546929898	-0.0008552113334772215	-0.0034836771869806815	1.1619513	62.37478638	1.0314743	0.2482258500884064	0.0436235	0.00028
-0.1822	0.0263	-0.0636	-0.006689847022894265	-0.0014172073526193955	-0.003745476574779831	1.15686727	62.10186768	1.03849322	0.21108494654884785	0.0379254	0.00011
-0.1921	0.0016	-0.0506	-0.0054436819369703135	-0.0005375614096142535	-0.003916518841475275	1.1504854	61.75928497	0.99253006	0.16244266478122685	0.0359262	4e-05
-0.1846	0.0172	-0.0464	-0.004855505979048225	-0.0009040805525330626	-0.0036669367584400863	1.12370539	60.32170868	0.9795951	0.08751385919380433	0.0353754	0.00013
-0.1673	0.0532	-0.0137	-0.005958554066308641	-0.0004939281783143952	-0.004605923896013036	1.14181447	61.29381943	1.01328322	0.20860937995260165	0.0378011	0.00019
-0.1422	0.03	-0.0655	-0.005286602304290824	1.9198621771937625e-05	-0.003717551306747922	1.17403162	63.02327347	1.0288835	0.2037725575684632	0.0340113	5e-05
-0.1548	0.0425	-0.1888	-0.005949827420048669	-0.0003054326190990077	-0.0032812189937493396	1.15953994	62.24534225	1.02761199	0.21960943348136863	0.0363509	6e-05
-0.1539	0.0624	-0.2404	-0.005658357434965616	-0.0005724679946541401	-0.0034644785652087444	1.19598567	64.20178986	0.97627994	0.10948824660487952	0.0368608	6e-05
-0.1474	0.0502	-0.1996	-0.004354596483725852	-0.00028274333882308137	-0.003556981015564444	1.14376211	61.39837265	1.00225505	0.14379940287132612	0.0342709	0.0001
-0.1389	0.0295	-0.2118	-0.0036547194536761256	-0.00013788101090755203	-0.0033667401270970616	1.12384033	60.32895279	0.96883342	0.09314901232163192	0.0322331	7e-05
-0.1461	0.0369	-0.2053	-0.003008947630438224	6.632251157578452e-05	-0.003661700770684103	1.09349203	58.69982147	0.95539217	0.07834679946541398	0.0316196	3e-05
-0.149	0.0426	-0.1987	-0.0025464353786597265	0.0001832595714594046	-0.0037978364523396607	1.07955325	57.9515686	0.9457928	0.05097924966588377	0.0326514	5e-05
-0.1552	0.0434	-0.2084	-0.0024678955623199817	0.0006894050545377602	-0.003824016391119576	1.07295167	57.59719086	0.93345013	0.04724326190990081	0.0330141	6e-05
-0.14	-0.0031	-0.1621	-0.0028763026072866553	0.00037350045992678646	-0.0033946653951289706	1.09250808	58.64700317	0.96157018	0.1656831317784126	0.0308756	8e-05
-0.1508	-0.0038	-0.1472	-0.0029234264970905022	0.0008988445647770796	-0.0029513517651224112	1.09009683	58.51756287	0.96182889	0.07718908123303495	0.032558	8e-05
-0.1898	-0.0233	-0.1037	-0.0022410027595607188	0.001658062789394613	-0.0032794736644973454	1.12638128	60.46534729	0.98169109	0.19048819307611253	0.0361927	0.0001
-0.1812	-0.0298	0.0087	-0.002150245638457014	0.001054178868204575	-0.002775073510670984	1.15587056	62.04836655	1.02962377	0.1874520598060052	0.0405716	9e-05
-0.1994	0.0263	-0.0213	-0.0016790067404185449	0.0009407324668249436	-0.0029897490086662863	1.10320807	59.22138596	0.99936678	0.14426803987067016	0.0417494	0.00015
-0.2161	-0.0203	-0.0304	-0.0015184364492350666	0.0008604473212332044	-0.0030072023011862297	1.10056794	59.07966232	0.97582276	0.08531543646475803	0.0439053	0.00019
-0.2022	-0.0275	-0.0396	-0.0008761552845011534	0.0005707226654021458	-0.0025638886711796703	1.06430328	57.13293457	0.96263592	0.09906597252857657	0.0439634	0.00011
-0.2083	-0.0104	-0.0475	-0.0009616764178488756	0.0005009094953223725	-0.0023265238929084412	1.16018689	62.28007126	0.96148593	0.05073495408493624	0.0434434	0.00013
-0.2403	-0.0326	-0.0563	-0.0012252211349000194	0.0008709192967451704	-0.0024225170017681294	1.15711057	62.11493301	0.98502723	0.09947738136668147	0.0439579	8e-05
-0.2184	-0.0266	-0.0795	-0.0012426744274199627	0.0016283921921107093	-0.002834414705238791	1.14683867	61.56352234	0.99419587	0.11044119456780718	0.041093	0.00016
-0.1705	0.0233	-0.1913	-0.001668534764906579	0.0009337511498169664	-0.0023701571242082994	1.19695342	64.2537384	1.04826569	0.2888379480405426	0.0390952	0.00028
-0.155	0.032	-0.1935	-0.0023963370629882146	0.0007819075048934597	-0.002239257430308725	1.14981246	61.72315979	1.01111588	0.07692728184523585	0.0410304	0.00028
-0.1658	-0.0063	-0.1929	-0.001270599695451872	0.0010192722831646884	-0.0025324727446437724	1.15395176	61.94536591	1.00748233	0.13251587300713097	0.0403798	0.00016
-0.1745	-0.0016	-0.1885	-0.0011711159280881952	0.0011187560505283654	-0.0023998277214922034	1.16340065	62.45259094	0.95121604	0.03438062789394611	0.0406165	0.0001
-0.1464	0.0265	-0.1679	-0.0007853981633974483	0.0010611601852125523	-0.001609193570338772	1.08161497	58.06224442	0.95833982	0.13849738905799955	0.0436347	0.00027
-0.1639	0.0483	-0.1499	-0.001509709802975095	0.000900589894029074	-0.0013456488532876281	1.10588527	59.36510468	0.97543747	0.1147213323906134	0.0422742	0.00019
-0.1833	-0.0072	-0.1059	-0.0006667157742618339	0.0010332349171806431	-0.0018343410438460403	1.08630514	58.31402206	0.97789816	0.19211656212116207	0.0415272	0.00025
-0.2031	-0.0377	-0.0736	0.0003787364476827695	0.000640535835481919	-0.001932079481957723	1.13279462	60.80962372	1.02847942	0.15939448708775053	0.0481923	0.00112
-0.2066	-0.0191	-0.0971	-0.0003473205211468716	0.0007679448708775049	-0.0020106192982974674	1.11873233	60.05474472	1.01671566	0.09220029102824857	0.0414817	0.00012
-0.2065	-0.0234	-0.111	-0.0003595378259108319	0.0005916666164260777	-0.001996656664281513	1.09475982	58.76787949	0.9474415	0.028422909661567106	0.0411032	0.0001
-0.211	-0.0255	-0.1171	-0.000317649923862968	0.0006335545184739417	-0.0019582594207376374	1.08470976	58.2283783	0.93801033	0.018808652381980165	0.0414146	9e-05
-0.2093	-0.046	-0.1292	1.5707963267948964e-05	0.0006126105674500097	-0.0019076448724298022	1.09076369	58.55335999	0.93746077	0.0545458193231342	0.0427273	9e-05
-0.2119	-0.0347	-0.1219	-0.0001239183768915974	0.0004415683007545654	-0.001947787445225672	1.07495463	57.70471573	0.93334752	0.03874055898254303	0.0421763	0.00011
-0.1974	0.0046	-0.1447	-0.0014538592669112763	0.000322885911618951	-0.0013491395117916165	1.11826813	60.02983093	0.99439072	0.17896356062946747	0.0394487	0.00012
-0.2098	-0.0395	-0.1403	-0.0013002702927357754	0.0007120943348136865	-0.001593485607070823	1.12058032	60.15394974	0.9854517	0.10025717463247212	0.0398387	9e-05
-0.2084	0.0227	-0.1771	-0.003110176727053895	0.0008482300164692441	-0.0016632987771505957	1.15598762	62.05465317	1.02117084	0.20119276430267247	0.0385119	0.00028
-0.1884	0.0323	-0.2284	-0.002637192499763432	0.0002181661564992912	-0.0012007865253720988	1.13195109	60.76434708	0.99448049	0.1591780169519456	0.0402953	0.00013
-0.1834	0.0356	-0.2743	-0.0024225170017681294	9.075712110370512e-05	-0.0013456488532876281	1.12763429	60.53261185	0.99563681	0.0785473430653209	0.0404168	5e-05
-0.156	0.0148	-0.2556	-0.001970476725501598	0.0002495820830351891	-0.001223475805648025	1.12593436	60.44136047	0.99042309	0.10355191429188092	0.0399478	4e-05
-0.1811	0.0741	-0.3842	-0.0009023352232810684	0.0002897246558310587	-0.0017243853009703976	1.16638577	62.61283493	1.05287766	0.2934596785169385	0.0496544	0.00057
-0.1907	0.0563	-0.416	-0.0003385938748868999	-0.00010821041362364843	-0.0018552849948699724	1.14553964	61.49379349	0.99221432	0.11382880558742252	0.0525061	0.00047
-0.1914	0.0535	-0.404	-0.0007435102613495844	0.0003298672286269283	-0.002097885760897184	1.13749266	61.06182098	0.98454946	0.06977973973702359	0.0511751	0.00064
-0.1926	0.0875	-0.4454	-0.0015515977050229591	0.00038397243543875244	-0.00204378055408536	1.20872533	64.88566589	1.03112347	0.12241489286485116	0.0580229	0.00148
-0.1606	0.0562	-0.4172	-0.001281071670963838	8.726646259971648e-06	-0.0019792033717615696	1.17560387	63.10766983	1.01420775	0.1270174502780846	0.0485792	0.00032
-0.1314	0.0525	-0.3652	-0.0013962634015954637	-0.000322885911618951	-0.001450368608407288	1.15526724	62.01597977	1.01745679	0.1336819525932415	0.0479982	0.00044
-0.1372	0.0564	-0.3913	-0.0039706240482871	-0.00033335788713091696	-0.0017994344588061536	1.22768164	65.90325928	1.05589318	0.18249492363012337	0.0462286	0.0002
-0.1436	-0.0396	-0.2736	-0.0025394540616517493	0.00035430183815484887	-0.0017872171540421933	1.17873311	63.27565384	1.04296911	0.3266523508342538	0.0362269	8e-05
-0.1611	0.0034	-0.2842	-0.0016179202165987434	0.0002670353755551324	-0.001759291886010284	1.09128845	58.58152771	0.95917326	0.12293627878423156	0.0389276	0.00014
-0.1797	0.0014	-0.3021	-0.0014590952546672592	0.0004974188368183839	-0.001963495408493621	1.09571981	58.81940842	0.94613163	0.06817059728390361	0.040614	6e-05
-0.1835	-0.034	-0.2289	-0.00210835773640915	0.0009145525280450286	-0.0022165681500327986	1.11045933	59.61064148	0.97411492	0.17837344572538563	0.0375476	2e-05
-0.1672	0.0164	-0.235	-0.003710569989739945	0.0008080874436733745	-0.00217293491873294	1.1283325	60.57009125	0.98666259	0.16041552845011536	0.0344495	6e-05
-0.1778	0.0439	-0.2641	-0.0038100537571036214	0.0007871434926494425	-0.0022794000031045943	1.09544361	58.80458069	0.9679193	0.07854464013796317	0.0370623	0.00019
-0.1717	0.0568	-0.3491	-0.003867649622419434	0.0013526301702956054	-0.002885029253546627	1.13736796	61.05512619	1.01880622	0.16543558967020047	0.0418245	0.00012
-0.1483	-0.0256	-0.3237	-0.002141518992197042	3.316125578789226e-05	-0.0030176742766981957	1.18809056	63.77797318	1.05588963	0.29011222839408374	0.0387573	0.0002
-0.1747	-0.0663	-0.257	-0.0014852751934471744	8.37758040957278e-05	-0.002583087292951608	1.17257476	62.94506836	1.05851788	0.19087226654021452	0.0368171	5e-05
-0.1758	-0.0135	-0.2307	-0.0028012534494508993	0.0004415683007545654	-0.002239257430308725	1.11830437	60.03177261	1.02870837	0.1810800307652723	0.0355686	7e-05
-0.1645	-0.0133	-0.223	-0.003073524812762014	0.0005201081170943102	-0.002432988977280095	1.08813238	58.41210938	0.96940559	0.04642713633111147	0.0328043	6e-05
-0.1567	-0.0531	-0.1645	-0.003378957431861022	0.0004049163864626844	-0.002361430477948328	1.09335184	58.69229507	0.97007606	0.13070914245312	0.0321021	6e-05
-0.1394	-0.0121	-0.157	-0.003543018381548489	0.00011693705988362007	-0.0026720990848033187	1.15177751	61.82864761	0.97738379	0.10393544415607614	0.0305473	2e-05
-0.1623	-0.0259	-0.1305	-0.003347541505325124	0.0003874630939427412	-0.0027855454861829498	1.1370784	61.0395813	0.96614107	0.09217246558310585	0.031277	9e-05
-0.142	0.0095	-0.212	-0.0041277036809665895	0.0005131268000863328	-0.002750638901143063	1.17010343	62.81240082	0.9959523	0.1842366233412472	0.0332881	5e-05
-0.1267	0.0435	-0.3167	-0.00688532389911763	-0.0007801621756414653	-0.002049016541841343	1.19737244	64.27622986	1.07513674	0.3916265776590279	0.0404555	0.00012
-0.1035	-0.0368	-0.2589	-0.006024876577884425	-0.0003351032163829112	-0.0014172073526193955	1.15462685	61.98160553	1.01551387	0.25816577348568526	0.0365738	5e-05
-0.1273	-0.0568	-0.1727	-0.004738568919164605	0.00014137166941154068	-0.0023003439541285265	1.12425625	60.3512764	0.98877326	0.26229595730117017	0.0317476	3e-05
-0.1607	-0.0558	-0.0793	-0.003166027263117714	0.00021118483949131387	-0.0028815385950426383	1.16151035	62.35111618	1.01328844	0.2389774733520388	0.0318671	4e-05
-0.1533	0.0241	-0.0777	-0.0033562681515850955	0.000635299847725936	-0.0033894294073729884	1.09192419	58.61565781	0.97149928	0.1450123354516177	0.0321096	7e-05
-0.1539	0.0063	-0.0815	-0.004003785304074992	0.0004572762640225143	-0.0033353242005611634	1.09048986	58.53866196	0.95807527	0.06618229715025717	0.0314234	5e-05
-0.1619	0.0017	-0.0856	-0.004389503068765739	0.00021118483949131387	-0.0033196162372932147	1.09380007	58.71635437	0.95880126	0.04907585762449478	0.0321901	6e-05
-0.1432	-0.023	-0.0672	-0.00473682358991261	-3.141592653589793e-05	-0.003637266161156183	1.10425675	59.27767944	0.96872921	0.10717856055185256	0.0312636	0.0001
-0.1366	-0.0604	-0.0311	-0.003438298626428829	-0.00011170107212763708	-0.003235840433197487	1.10231876	59.17364883	0.98770842	0.16911179185171082	0.0331616	7e-05
-0.1364	-0.0214	-0.0564	-0.00314857397059777	-0.0001308996938995747	-0.003115412714809878	1.15281534	61.88436127	0.99840267	0.0859675497995303	0.0344464	0.00011
-0.1479	-0.004	-0.073	-0.0037350045992678655	0.00034033920413889426	-0.003886848244191372	1.18592978	63.66197586	0.99891424	0.1369552528045029	0.0325356	6e-05
-0.132	-0.0255	-0.0908	-0.004595451920501069	-4.886921905584123e-05	-0.003907792195215304	1.12506974	60.39494324	0.99044228	0.11872998477259356	0.0301899	4e-05
-0.1317	-0.0497	-0.0894	-0.005426228644450371	-0.0004747295565424576	-0.003593632929856324	1.0849992	58.24391937	0.96580446	0.1044398163397449	0.0317987	4e-05
-0.1464	-0.0072	-0.084	-0.006354743806511354	-0.0001605702911834783	-0.0037227872945039047	1.12140286	60.19810486	0.9651717	0.13119143960337715	0.0335392	6e-05
-0.1382	-0.0178	-0.1026	-0.005824163713905078	-0.00021467549799530252	-0.003785619147575701	1.10117209	59.11209488	0.95006447	0.06977585762449483	0.0312496	4e-05
-0.1205	0.0207	-0.12	-0.006490879488166912	-5.061454830783555e-05	-0.003543018381548489	1.09867203	58.97789001	0.9709955	0.12726887449882565	0.0329753	7e-05
-0.1093	0.0865	-0.241	-0.008806931405563387	-0.0011955505376161158	-0.0033231068957972035	1.16193008	62.37364578	1.03666462	0.3820449696228021	0.0405193	0.00013
-0.1013	0.0773	-0.3158	-0.008780751466783471	-0.0010960667702524388	-0.002595304597715568	1.16766179	62.68133163	1.0484585	0.13467330021126145	0.0461304	0.00057
-0.0924	0.0664	-0.2736	-0.009695303994828501	-0.0011850785621041497	-0.002303834612632515	1.14119518	61.26057816	1.02796494	0.12675171524898973	0.0442144	0.00018
-0.1075	-0.0268	-0.1653	-0.008033750546929898	-0.0002844886680750757	-0.002597049926967562	1.10555446	59.34734726	1.02234093	0.35936793281313617	0.0352218	6e-05
-0.1242	0.023	-0.1484	-0.007429866625739861	5.585053606381854e-05	-0.0027942721324429216	1.06716692	57.28666306	0.96488762	0.14047226654021455	0.0344594	2e-05
-0.1312	0.0522	-0.1445	-0.006265732014659643	5.93411945678072e-05	-0.0033021629447732717	1.13732803	61.05298233	1.00635083	0.12387580409572788	0.0354249	9e-05
-0.152	0.0058	-0.153	-0.007630579489719209	-1.9198621771937625e-05	-0.003576179637336381	1.16802549	62.70085907	1.00743113	0.161570199198121	0.0366893	5e-05
-0.147	0.0309	-0.1483	-0.007902850853030323	-0.0007853981633974483	-0.004251622057858187	1.17968857	63.32694244	1.01423722	0.12049566627292156	0.0396203	0.0001
-0.1367	0.0084	-0.1297	-0.009157742585214249	-0.0006963863715457374	-0.0033824480903650108	1.19643831	64.22608948	1.03518251	0.16205387457644063	0.0411633	0.00018
-0.1587	0.0004	-0.1491	-0.008063421144213804	-0.0008290313946973065	-0.0035081117965086025	1.15717638	62.11846542	1.01673263	0.1170315085147803	0.0374653	7e-05
-0.1512	-0.0257	-0.1964	-0.0078103484026746245	-0.0008290313946973065	-0.0033615041393410786	1.10617673	59.38074875	0.98099727	0.10088401993533512	0.0361311	3e-05
-0.138	0.0235	-0.2112	-0.008154178265317507	-0.0006754424205218055	-0.0034644785652087444	1.14420557	61.42218018	0.98245421	0.10721966313430246	0.0388777	7e-05
-0.1151	-0.0107	-0.2012	-0.007883652231258387	-0.0003892084231947355	-0.003480186528476693	1.21397984	65.16773224	1.00295783	0.09572339973270698	0.0355409	2e-05
-0.1181	-0.0618	-0.1763	-0.0067160269616741795	-0.0005061454830783556	-0.003478441199224699	1.13343978	60.84426117	0.98712698	0.14331538293599108	0.0323781	7e-05
-0.1075	-0.022	-0.1781	-0.006518804756198821	-0.00028797932657906436	-0.003426081321664869	1.10663915	59.4055748	0.96037054	0.07558741197672397	0.0309829	3e-05
-0.0896	0.0113	-0.1969	-0.0056653387519735934	-1.9198621771937625e-05	-0.003467969223712733	1.11478245	59.84271622	0.96431978	0.1282067305540109	0.0309397	6e-05
-0.0925	0.02	-0.1787	-0.005873032932960919	9.773843811168246e-05	-0.0029024825460665696	1.0888375	58.44996262	0.96659242	0.0743058959258554	0.0329083	0.00013
-0.1192	-0.0219	-0.1752	-0.0055658549846099165	0.0001012290966156711	-0.0033964107243809652	1.09796095	58.93971634	0.95653938	0.11232983925846932	0.0304814	3e-05
-0.12	-0.0076	-0.1717	-0.005328490206338688	0.00015184364492350666	-0.0037803831598197174	1.06292927	57.0591774	0.93895726	0.0521975881008908	0.0293123	2e-05
-0.1153	0.0112	-0.1679	-0.00503876555050763	9.599310885968811e-05	-0.00415213829049451	1.06563187	57.20425797	0.93557265	0.06316651612848348	0.0292869	2e-05
-0.1168	0.0061	-0.1722	-0.004981169685191816	0.0001972222054753592	-0.004356341812977846	1.03998852	55.82769775	0.92338667	0.029051424220741036	0.029081	8e-05
-0.1345	0.0021	-0.1782	-0.0049846603436958055	0.00013439035240356338	-0.004522148091917307	1.0957545	58.8212738	0.93027263	0.03930643952576232	0.0307884	3e-05
-0.1503	-0.011	-0.174	-0.0047246062851486505	6.981317007977319e-05	-0.0046478117980608994	1.10929859	59.54833603	0.92468969	0.05561474735072686	0.0309281	0.0
-0.1581	-0.015	-0.169	-0.00451865743341332	0.00018500490071139895	-0.00476474885794452	1.03050494	55.31860733	0.92107871	0.03870388211252884	0.0296614	4e-05
-0.1554	-0.0071	-0.1656	-0.004954989746411901	0.000450294947014537	-0.00466002910282486	1.04697502	56.20273972	0.93969051	0.054317105721068966	0.0296039	2e-05
-0.1507	-0.0098	-0.1633	-0.004799655442984407	0.0003316125578789226	-0.004766494187196514	1.05906928	56.85197067	0.94373979	0.02872408884673812	0.0301901	2e-05
-0.1492	-0.0152	-0.1632	-0.004476769531365455	0.0003961897402027128	-0.004909611185860049	1.0457952	56.1394043	0.92960867	0.03352900463031384	0.0292772	1e-05
-0.1475	-0.0139	-0.1772	-0.004572762640225143	0.00034906585039886593	-0.004968952380427856	1.03581095	55.60343933	0.92974561	0.027122909661567086	0.0296337	3e-05
-0.1553	-0.0239	-0.1751	-0.0044628068973495	0.0004258603374866164	-0.005082398781807488	1.04463851	56.07730865	0.92603904	0.034909831567151245	0.0311339	4e-05
-0.1638	-0.0432	-0.1382	-0.004626867847036967	0.000577703982410123	-0.005002113636215748	1.06320977	57.07423782	0.93858898	0.08450948701013569	0.0312899	6e-05
-0.1382	-0.0872	-0.0774	-0.004806636759992383	0.0007504915783575615	-0.004595451920501069	1.06608498	57.22858047	0.95775264	0.16836091123087668	0.0303425	2e-05
-0.1427	-0.0581	-0.0841	-0.004309217923174	0.0016667894356545846	-0.004715879638888678	1.07984364	57.96716309	0.94876495	0.11700722062515076	0.032497	4e-05
-0.1568	-0.048	-0.0831	-0.0044436082755775624	0.0017156586547104257	-0.004953244417159907	1.0895654	58.48903275	0.94924151	0.046231217486531646	0.0344914	0.00011
-0.1307	-0.041	-0.0881	-0.0052220251219670345	0.001420698011123384	-0.00429700061841004	1.1037097	59.2483139	0.99133045	0.12458106443631904	0.0373535	0.00017
-0.0929	-0.0125	-0.0652	-0.006677629718130304	0.0011047934165124105	-0.0033353242005611634	1.13841999	61.11160278	1.0453529	0.225859280431156	0.0382715	0.00011
-0.1253	0.02	-0.0888	-0.007939502767322205	0.00014311699866353502	-0.004488986836129415	1.17474532	63.06158447	1.03258459	0.25736060513045145	0.0417517	0.0002
-0.1295	0.0224	-0.254	-0.008164650240829473	-0.0007243116395776468	-0.004036946559862884	1.18218756	63.4610939	1.0727958	0.24903081940074903	0.0425372	0.00013
-0.1656	-0.0532	-0.2506	-0.007476990515543707	-0.001858775653373961	-0.0038781215979314006	1.1944772	64.12081146	1.04005945	0.2141474350506782	0.0417609	0.00014
-0.1278	-0.1348	-0.1119	-0.0057246799465414016	-0.0009529497715889039	-0.0040229839258469294	1.20131469	64.487854	1.05984642	0.39824993893514454	0.033179	3e-05
-0.174	-0.0429	-0.2333	-0.0074385932719998335	-0.00028274333882308137	-0.004134684997974567	1.20938408	64.92102814	1.09094592	0.38429104151759463	0.0413268	0.00018
-0.2389	-0.0254	-0.3707	-0.008201302155121354	-0.0009791297103688187	-0.0036128315516282617	1.21811068	65.38948059	1.09992548	0.31884743505067814	0.0508295	0.00048
-0.2384	-0.0923	-0.4396	-0.005403539364174444	-0.00022689280275926284	-0.0040613811693908045	1.25519443	67.38018036	1.09819597	0.3362274658159504	0.0533019	0.00128
-0.1716	-0.1406	-0.1942	-0.0032829643230013338	-0.0002844886680750757	-0.0036041049053682902	1.31841457	70.77390289	1.15435119	0.49227235852557194	0.0348061	5e-05
-0.1525	-0.0811	-0.1912	-0.004180063558526419	-0.00046949356878647465	-0.004014257279586958	1.12660801	60.47751999	0.98096313	0.1562128255227576	0.0322165	1e-05
-0.1324	-0.0915	-0.1516	-0.005099852074327431	-0.0007539822368615504	-0.0043214352279379595	1.16178334	62.36576843	1.00697631	0.14567275661135445	0.0317873	3e-05
-0.066	-0.1134	-0.0219	-0.003038618227722128	-0.0005323254218582705	-0.004640830481052923	1.21627784	65.29109192	1.08318045	0.3481142957361773	0.0354863	0.0001
-0.0332	-0.0714	-0.0218	-0.002701769682087222	-0.0005323254218582705	-0.00493404579538797	1.21181357	65.05144501	1.05492141	0.10640319299849764	0.0358021	0.00014
-0.0489	-0.0783	0.0258	-0.004639085151800928	-0.0010314895879286487	-0.004745550236172582	1.24355388	66.75530243	1.03586969	0.2014487597499736	0.0365348	0.00019
-0.0569	-0.074	0.0234	-0.00437379510549779	-0.0011362093430483087	-0.0051452306348792835	1.17743719	63.20608902	0.96994232	0.05318451000647498	0.0359424	9e-05
-0.063	-0.0869	-0.0012	-0.004049163864626845	-0.0009285151620609833	-0.005475097863506211	1.11370516	59.78488541	0.95794013	0.08670963252425992	0.0355447	8e-05
-0.0324	-0.0302	-0.0522	-0.005433209961458348	-0.0008499753457212384	-0.0051399946471233	1.21479654	65.21157837	1.08639372	0.22818445647770796	0.0355796	7e-05
0.024	0.019	-0.1647	-0.007677703379523056	-0.001706932008450454	-0.004244640740850209	1.27449596	68.41630554	1.1225339	0.4179401993533507	0.0370988	0.00014
0.0078	0.0132	-0.2618	-0.008335692507524918	-0.0018832102629018814	-0.003303908274025266	1.17149448	62.88707352	1.02296586	0.2078499924639116	0.0396944	0.00017
0.0727	0.012	-0.2081	-0.0070528755073090855	0.0004433136300065597	-0.002131047016685076	1.1957823	64.19087219	1.08824463	0.3589101075232232	0.0379632	0.00027
0.0921	-0.0801	-0.1095	-0.005644394800949661	0.0004956735075663896	-0.001668534764906579	1.1827631	63.49198532	1.07449618	0.3062676417848876	0.0330029	6e-05
0.0443	-0.0391	-0.1435	-0.004550073359949217	0.0006876597252857658	-0.002368411794956305	1.11175621	59.68026352	1.00527043	0.22210923443847727	0.0301571	6e-05
0.0032	-0.0334	-0.1893	-0.0057142079710294355	-0.00027750735106709843	-0.003717551306747922	1.13464236	60.90881729	1.00735009	0.266522059961235	0.028386	1e-05
0.0016	-0.008	-0.2256	-0.006438519610607082	-0.0005742133239061344	-0.0036651914291880917	1.10389972	59.25851822	0.97444538	0.11696887449882562	0.0315491	3e-05
0.0043	0.0008	-0.2852	-0.004066617157146788	-0.0011449359893082802	-0.0033894294073729884	1.13976109	61.18358994	1.01814062	0.23201935703387716	0.0325726	3e-05
-0.0122	-0.0546	-0.2514	-0.005324999547834699	-0.001324704902263696	-0.0030962140930379405	1.19130898	63.95074081	1.02822075	0.1922683308989188	0.0315245	4e-05
0.0132	-0.0505	-0.201	-0.005614724203665758	-0.001377064779823526	-0.003157300616857742	1.13412988	60.88130569	0.98063037	0.10005855286053449	0.0292131	3e-05
0.0208	-0.0122	-0.1792	-0.005569345643113905	-0.001059414855960558	-0.003909537524467298	1.11006534	59.58949661	0.99022267	0.12346326960121884	0.029831	5e-05
-0.0022	-0.0501	-0.1517	-0.005504768460790115	-0.0010524335389525807	-0.004108505059194652	1.10690677	59.41994095	0.99216105	0.10192630170295602	0.0281096	2e-05
-0.0075	-0.0597	-0.0875	-0.004871213942316174	-0.000486946861306418	-0.003829252378875559	1.12035787	60.14200974	0.99325528	0.15301469382195987	0.0282994	1e-05
-0.0107	0.0225	-0.1217	-0.005340707511102648	-0.000614355896702004	-0.003944444109507185	1.11562598	59.88799667	0.99817096	0.15520471674068428	0.0287506	2e-05
-0.0035	0.0001	-0.1444	-0.005286602304290824	-0.0005916666164260777	-0.004272566008882118	1.10562754	59.35126877	0.97943568	0.0725458193231342	0.0278362	4e-05
0.0324	0.0374	-0.1965	-0.005883504908472884	-0.000645771823237902	-0.0038501963298994907	1.12262511	60.26371384	0.99660131	0.1789688744988256	0.0310985	3e-05
0.0206	0.0124	-0.2327	-0.006117379028240125	-0.0006998770300497262	-0.0037419859162758423	1.12455404	60.36726379	0.99480974	0.09280948701013565	0.0315845	4e-05
-0.0158	-0.0295	-0.2198	-0.005593780252641826	-0.00011344640137963142	-0.005209807817203074	1.15441751	61.97036362	1.00002119	0.22009256525978124	0.0315045	0.00015
-0.0284	0.0125	-0.205	-0.00693768377667746	0.00018675022996339323	-0.005866051615952942	1.22472596	65.74459839	1.0196746	0.18441719770642637	0.0356735	6e-05
0.0001	-0.0017	-0.159	-0.007321656212116212	0.0001012290966156711	-0.005429719302954359	1.11904097	60.07131577	0.98724925	0.1339912940892528	0.03334	4e-05
-0.0114	-0.0226	-0.1568	-0.005695009349257497	-0.00012740903539558605	-0.005335471523346666	1.09742057	58.91070938	0.98323138	0.13207663872388323	0.0298874	3e-05
0.0011	0.0404	-0.1927	-0.0065659286460026675	-0.0007016223593017205	-0.00538957673015849	1.14828157	61.64098358	1.0036989	0.18636189137315645	0.033514	7e-05
0.0009	-0.0625	-0.131	-0.005379104754646523	-0.0006073745796940267	-0.005529203070318036	1.14405477	61.41408539	1.01745737	0.23583490055616924	0.0293471	7e-05
-0.021	-0.0628	-0.1212	-0.004447098934081553	-0.0005183627878423159	-0.005829399701661061	1.09993088	59.04546738	0.9533854	0.0980607121879853	0.0284068	1e-05
-0.0232	-0.0348	-0.1098	-0.004324925886441949	-0.0005427973973702365	-0.005696754678509492	1.10576677	59.35874176	0.9609416	0.05556263401595466	0.030864	2e-05
-0.0143	-0.1012	-0.07	-0.003707079331235956	-0.0006213372137099814	-0.005701990666265475	1.15421903	61.95971298	0.97280795	0.15018111796508604	0.0296819	4e-05
-0.0079	-0.0026	-0.0756	-0.003598868917612307	-0.000291469985083053	-0.005771803836345247	1.11394215	59.79760742	0.97296948	0.1359945406165175	0.0290972	2e-05
-0.0087	-0.0044	-0.0683	-0.0044261549830576195	-6.9813170079773176e-06	-0.006166248247295967	1.11400867	59.80117798	0.97911828	0.08521095722355537	0.030206	1e-05
-0.0302	-0.0075	-0.1374	-0.004742059577668593	-0.0001361356816555577	-0.00724835238353245	1.09808671	58.94646835	0.97028953	0.17005815477475186	0.0300276	5e-05
-0.0029	-0.0104	-0.1601	-0.0049131018443640375	-0.0005445427266222308	-0.006942919764433443	1.11530375	59.87069702	0.96656186	0.09714409653805621	0.0308735	3e-05
-0.0061	0.0247	-0.2601	-0.00486597795456019	-0.0006702064327658224	-0.006335545184739415	1.19457865	64.12625885	1.00915864	0.17730810878207334	0.0341536	6e-05
-0.0147	-0.0589	-0.1372	-0.004740314248416599	-0.000460766922526503	-0.006574655292262638	1.1909622	63.93212509	1.0468748	0.24381066619530664	0.030672	6e-05
-0.0264	-0.0087	-0.1189	-0.006138322979264057	-0.0005515240436302081	-0.007168067237940712	1.10800517	59.47890091	0.99174963	0.18430888988146185	0.0321911	7e-05
0.0079	0.0338	-0.1633	-0.006037093882648386	-0.0007539822368615504	-0.006759660192974038	1.12325239	60.29738617	1.01648565	0.15680471674068433	0.033567	7e-05
0.0066	0.0365	-0.2008	-0.005555383009097951	-0.0009389871375729493	-0.006698573669154236	1.16889334	62.74744415	1.05953881	0.07789011490408179	0.0352162	2e-05
0.0255	0.085	-0.315	-0.009393362034233481	-0.0007661995416255106	-0.005651376117957638	1.23000729	66.02810669	1.13030545	0.4344982086139784	0.047869	0.00102
0.0467	0.0145	-0.2159	-0.00896226570899088	-5.759586531581287e-05	-0.005368632779134557	1.23571944	66.33473969	1.14039457	0.26192216701876897	0.0422526	0.0002
-0.0094	-0.0342	-0.0896	-0.008272860654453122	-0.0005026548245743669	-0.005799729104377157	1.1869173	63.71498871	1.04976946	0.30937801695194567	0.0369751	4e-05
-0.0249	-0.0036	-0.0913	-0.007553785002631459	-0.0005323254218582705	-0.005911430176504794	1.08095431	58.02678299	0.96927862	0.09082236606166016	0.0338238	2e-05
-0.0416	-0.0048	-0.0632	-0.00641408500107916	-8.726646259971648e-05	-0.006092944418712205	1.13184011	60.7583847	1.01321538	0.1343136601509132	0.0334114	9e-05
-0.0389	0.0474	-0.103	-0.007182029871956666	-0.00028623399732707005	-0.0060685098091842835	1.15059793	61.76532745	0.99354238	0.144267350756639	0.0335309	5e-05
-0.0429	0.0011	-0.0989	-0.006632251157578452	-0.0005846852994181004	-0.0062482787221397	1.13592768	60.97781372	0.96399269	0.10579994647123304	0.0326408	4e-05
-0.048	0.0349	-0.1535	-0.0062447880636357115	-0.000450294947014537	-0.006761405522226033	1.08090532	58.02415466	0.95888295	0.14524901232163184	0.032773	2e-05
-0.0589	0.0453	-0.2316	-0.005255186377754926	-0.00039793506945470715	-0.006328563867731438	1.18014991	63.35170746	1.00009342	0.17314016089676057	0.0330522	3e-05
-0.0552	0.0877	-0.2982	-0.00644201026911107	-0.00038397243543875244	-0.005253441048502931	1.15771723	62.14749527	1.02520794	0.22649546723003036	0.0379159	0.00012
-0.0111	0.0333	-0.2775	-0.005667084081225588	-0.00020594885173533088	-0.004331907203449926	1.22856688	65.95078278	1.00517361	0.21292418083209544	0.035672	0.00011
-0.002	0.0488	-0.2712	-0.00560774288665778	-0.00012042771838760874	-0.0038467056713955023	1.15535736	62.02082062	0.99589554	0.0624031929984977	0.0344186	0.00016
-0.0067	0.0036	-0.2546	-0.004996877648459765	-7.853981633974481e-05	-0.004122467693210606	1.16949296	62.77963257	0.98053421	0.11292575810304913	0.0315524	0.0001
-0.0062	0.0029	-0.244	-0.004333652532701919	0.00022340214425527416	-0.00451865743341332	1.11866522	60.05114365	0.95639145	0.0798678408277789	0.0290051	2e-05
-0.0039	-0.0594	-0.1673	-0.003963642731279122	0.00013439035240356338	-0.00488168591782814	1.11047328	59.61138916	0.97416378	0.1824025038844664	0.0277106	3e-05
-0.0267	-0.0289	-0.1399	-0.004035201230610889	0.0003159045946109737	-0.005185373207675152	1.11871827	60.05399323	0.95486999	0.10853800156930948	0.0264686	1e-05
-0.0293	-0.0098	-0.1439	-0.0038501963298994907	0.0004380776422505767	-0.005237733085234983	1.0632199	57.07477951	0.94289787	0.0436768912955416	0.0266337	6e-05
-0.0438	-0.0234	-0.1455	-0.003940953451003196	0.0005009094953223725	-0.00554665636283798	1.06456935	57.14722061	0.92927479	0.05282561258892492	0.0276189	4e-05
-0.0661	-0.0486	-0.1173	-0.0040945424251786966	0.000635299847725936	-0.005920156822764766	1.05188394	56.46625519	0.94190224	0.1087739893252925	0.0280285	3e-05
-0.0638	-0.0652	-0.0905	-0.0042935099599060505	0.0009023352232810684	-0.006059783162924312	1.0649991	57.1702919	0.9450453	0.07598146252210161	0.0286876	4e-05
-0.0796	-0.0216	-0.1028	-0.004068362486398782	0.0007644542123735164	-0.006241297405131722	1.09384906	58.71898651	0.95171757	0.09892713633111154	0.029054	2e-05
-0.0844	-0.0231	-0.1247	-0.0033999013828849537	0.0009930923443847736	-0.00622035345410779	1.08665276	58.33268356	0.95954576	0.0741021593274509	0.0291105	4e-05
-0.0777	-0.0094	-0.1453	-0.004740314248416599	0.0007749261878854823	-0.006230825429619756	1.10731626	59.44192123	0.9711955	0.11945254987714513	0.0310217	3e-05
-0.0622	0.0146	-0.2212	-0.005937610115284709	0.0007766715171374765	-0.006754424205218055	1.15399361	61.94760895	0.99657507	0.20153199858592016	0.0344953	3e-05
-0.0171	0.0483	-0.3295	-0.006330309196983434	0.000705113017805709	-0.006543239365726741	1.16547787	62.56409836	1.03720692	0.22087212102609036	0.0401002	9e-05
-0.0052	0.0346	-0.2912	-0.006518804756198821	0.0009861110273767962	-0.006000441968356505	1.13600457	60.98193741	0.99283708	0.1145145483078355	0.0360902	0.00018
-0.01	0.0626	-0.3273	-0.006874851923605664	0.0005707226654021458	-0.005942846103040692	1.13820338	61.09997559	1.00546435	0.11035156973486523	0.0408123	0.00015
0.0272	0.1298	-0.4446	-0.009054768159346582	-6.283185307179586e-05	-0.004775220833456485	1.24665105	66.92156219	1.08943898	0.4207548011899533	0.053264	0.00058
0.0367	-0.0332	-0.3138	-0.006969099703213358	-0.0001832595714594046	-0.003790855135331684	1.22570503	65.79715729	1.12041348	0.46282309363228175	0.0389017	0.00016
-0.0048	-0.0586	-0.1871	-0.0058747782622129135	-5.585053606381854e-05	-0.0049741883681838385	1.17344725	62.9919014	1.05209809	0.31385318546240926	0.0299525	7e-05
0.015	-0.0088	-0.1938	-0.006740461571202101	-0.00023561944901923448	-0.005747369226817327	1.11415577	59.8090744	0.98565443	0.16723165402890458	0.0330768	9e-05
0.059	-0.0253	-0.1578	-0.005370378108386551	-0.0005497787143782138	-0.00636521578202332	1.11838067	60.0358696	0.99559125	0.2116044641690261	0.0320069	4e-05
0.0777	-0.0617	-0.1357	-0.006269222673163632	-8.901179185171081e-05	-0.006176720222807932	1.10506248	59.3209343	0.99093649	0.15460535232594863	0.0340953	8e-05
0.0231	-0.0117	-0.124	-0.005759586531581288	0.0004363323129985824	-0.007686430025783027	1.18937898	63.84713364	1.05041596	0.2435345024703866	0.0373151	0.00011
0.1133	0.0324	-0.1352	-0.004461061568097506	0.0010471975511965976	-0.007597418233931317	1.20336688	64.59802246	1.06217254	0.24542009967667533	0.0366121	3e-05
0.1419	0.0124	-0.1461	-0.005328490206338688	0.0007452555906015787	-0.006630505828326458	1.12587225	60.43802261	1.00047306	0.166314150222053	0.0351342	5e-05
0.1377	-0.0155	-0.0852	-0.006290166624187564	0.0004520402762665313	-0.006243042734383717	1.18596625	63.6639328	1.02463963	0.17511774130633323	0.037497	0.00015
0.117	0.07	-0.0998	-0.007246607054280456	0.0005794493116621174	-0.00696211838620538	1.18965161	63.86177063	0.99915404	0.21094625586550703	0.0382018	9e-05
0.1128	0.0966	-0.14	-0.007586946258419349	0.0003089232776029963	-0.0068975412038815905	1.15304816	61.8968544	1.02121673	0.1047721210260902	0.0419992	0.00049
0.1444	0.0911	-0.2061	-0.007991862644882034	-0.0004380776422505767	-0.006412339671827167	1.14310479	61.3630867	1.01485064	0.18505594191853403	0.0423303	8e-05
0.1346	0.0278	-0.1538	-0.006119124357492119	5.585053606381854e-05	-0.007033676885537148	1.15857422	62.19350052	1.00716932	0.27480018397071454	0.0373628	7e-05
0.1199	-0.0539	-0.0733	-0.005693264020005502	0.0004014257279586958	-0.007162831250184728	1.11065996	59.62141037	0.97946332	0.22192949470145368	0.0365905	4e-05
0.113	-0.03	-0.0698	-0.005061454830783556	0.0003525565089028545	-0.007260569688296411	1.07985902	57.96798325	0.95258807	0.07322084231947358	0.0353491	6e-05
0.1249	-0.0121	-0.0598	-0.00485376064979623	0.0004328416544945937	-0.006923721142661505	1.10288334	59.20395279	0.953072	0.07104139361069853	0.0368965	9e-05
0.1154	-0.0232	-0.0636	-0.004968952380427856	0.00042760566673861073	-0.007059856824317063	1.12758851	60.530159	0.95649809	0.03722817000215837	0.0357869	6e-05
0.1098	-0.0259	-0.0618	-0.004457570909593518	0.0005078908123303499	-0.007391469382195986	1.09743404	58.91143417	0.94252361	0.05626395871525004	0.0359659	9e-05
0.1053	-0.0217	-0.0644	-0.0045204027626653135	0.0005131268000863328	-0.007539822368615503	1.08380902	58.18002701	0.93011286	0.02212104136236478	0.0363411	0.0001
0.0962	-0.0225	-0.065	-0.004476769531365455	0.0004921828490624009	-0.007709119306058954	1.05678546	56.72937393	0.93180815	0.022193705988362032	0.0362046	3e-05
0.0895	-0.0085	-0.0522	-0.0044436082755775624	0.0005532693728822024	-0.007867944267990437	1.09252226	58.6477623	0.93453424	0.04615363707695889	0.037073	7e-05
0.0857	-0.011	-0.0485	-0.004609414554517024	0.0006719517620178169	-0.007876670914250409	1.11857557	60.0463295	0.92793998	0.024660765716752384	0.0367715	4e-05
0.0863	-0.0016	-0.0427	-0.004790928796724435	0.0006510078109938849	-0.007822565707438583	1.05752778	56.76922226	0.93555832	0.028628170002158407	0.0367157	0.00012
0.0924	-0.0032	-0.0563	-0.00445058959258554	0.000317649923862968	-0.0074385932719998335	1.0830183	58.13757706	0.95396184	0.0741834763354281	0.036507	9e-05
0.0724	-0.0297	-0.0533	-0.004171336912266447	0.00017278759594743863	-0.007869689597242433	1.11019647	59.59653473	0.96512656	0.09226056667386112	0.0357885	5e-05
0.0694	-0.0402	-0.0387	-0.0037734018428117405	0.0003717551306747922	-0.008073893119725768	1.09671319	58.87273407	0.95436481	0.06815530633326972	0.037026	5e-05
0.0634	-0.0582	-0.0285	-0.004715879638888678	0.00028099800957108706	-0.00791332282854229	1.13057077	60.69024658	0.96962362	0.093890260418206	0.0377467	4e-05
-0.0016	-0.0357	0.0711	-0.006000441968356505	0.0017749998492782332	-0.007042403531797119	1.22349346	65.67843628	1.09369749	0.3695741732960072	0.0438944	0.00047
-0.0156	-0.0894	0.062	-0.00466002910282486	0.001626646862858715	-0.007473499857039719	1.14684093	61.56364441	1.01996141	0.17279310885968813	0.0409387	7e-05
0.0048	-0.0337	0.0229	-0.003687880709464018	0.0012356931104119853	-0.007756243195862801	1.13860679	61.12163162	0.98357754	0.19749227423153265	0.0391927	7e-05
0.0002	-0.0761	-0.0071	-0.0035203291012725624	0.0012322024519079964	-0.007794640439406676	1.08138502	58.04990387	0.95411565	0.08747197551196596	0.0374626	7e-05
0.0016	-0.052	0.0007	-0.002946115777366428	0.001562069680534925	-0.007955210730590153	1.06985831	57.43113708	0.94243795	0.08653254218582701	0.0390621	7e-05
0.0443	-0.0853	0.0075	-0.0030473448739821	0.0015341444125030156	-0.007162831250184728	1.10642993	59.39434052	0.97067643	0.12887669225265036	0.0379411	9e-05
0.0631	-0.089	0.0131	-0.003337069529813158	0.001181587903600161	-0.006661921754862355	1.13787925	61.08257675	0.97453938	0.08525953300281426	0.0383351	8e-05
0.0536	-0.0702	-0.0086	-0.0033056536032772606	0.0012863076587198209	-0.00686088928958971	1.08564866	58.27877808	0.96378676	0.0667551608191456	0.0360574	8e-05
0.0766	-0.0577	-0.0275	-0.003035127569218139	0.001158898623324235	-0.006632251157578452	1.10653472	59.39996719	0.95628961	0.08572866007329828	0.0349938	4e-05
0.1126	-0.0505	-0.0316	-0.002900737216814576	0.001556833692778942	-0.005640904142445672	1.1478188	61.61613846	0.98660717	0.12348362184955249	0.0377048	0.00012
0.1023	-0.0434	-0.081	-0.0029705503868943488	0.001556833692778942	-0.00503876555050763	1.15979826	62.25921249	1.00028779	0.10039758810089076	0.0329174	2e-05
0.0931	-0.0712	-0.0466	-0.0026895523773232616	0.0017470745812463236	-0.005295328950550796	1.10493469	59.31407547	0.94999112	0.10779011490408176	0.0343291	3e-05
0.0973	-0.0875	-0.0517	-0.0031747539093776853	0.001785471824790199	-0.005448917924726297	1.13485336	60.92014313	0.9575581	0.059459387488689966	0.034119	5e-05
0.0758	-0.0684	-0.0345	-0.0031677725923697077	0.0016545721308906245	-0.0057368972513053606	1.10808086	59.48296738	0.95680319	0.07909301687433079	0.0334635	6e-05
0.0731	-0.0763	-0.0273	-0.0029234264970905022	0.0018029251173101424	-0.005878268920716902	1.12227714	60.24503326	0.9464197	0.04450353755551325	0.0353343	5e-05
0.082	-0.0733	-0.0316	-0.0025761059759436306	0.001864011641129944	-0.005794493116621174	1.14055383	61.22615051	0.94429929	0.04080914245312006	0.0354468	4e-05
0.074	-0.0684	-0.0489	-0.002438224965036078	0.001963495408493621	-0.005578072289373877	1.06480598	57.15991974	0.9337993	0.05288928027592632	0.0341126	2e-05
0.0638	-0.0779	-0.0342	-0.0028187067419708422	0.002082177797629235	-0.005626941508429718	1.09494948	58.77806091	0.94087551	0.06180166925631096	0.034779	4e-05
0.0641	-0.0584	-0.0489	-0.0027995081201989047	0.002087413785385218	-0.005400048705670456	1.11280191	59.73639297	0.94784845	0.047066370614359136	0.0341621	2e-05
0.0541	-0.073	-0.0557	-0.0028221974004748306	0.0019530234329816546	-0.005462880558742251	1.0944972	58.75378036	0.9478445	0.04239557428756421	0.0340777	7e-05
0.0707	-0.0987	-0.051	-0.002780309498426967	0.0019216075064457567	-0.005646140130201657	1.11853528	60.04416656	0.96659645	0.05982817000215834	0.0346332	4e-05
0.0662	-0.0602	-0.092	-0.0030211649352021846	0.0017540558982543013	-0.005448917924726297	1.1109041	59.63451767	0.96283831	0.11428146252210165	0.0322002	5e-05
0.0521	-0.0369	-0.1625	-0.004019493267342941	0.0011780972450961724	-0.005120796025351363	1.14056039	61.22650146	1.00272811	0.20302044423369092	0.0316078	2e-05
0.0485	0.0024	-0.2845	-0.005021312257987686	0.0013526301702956054	-0.0048939032225921	1.14532685	61.48236847	1.02128646	0.235062235930172	0.0344859	0.00011
0.0579	-0.0659	-0.2003	-0.004892157893340105	0.0016999506914424768	-0.004956735075663896	1.15728414	62.1242485	1.00453505	0.1888653369433124	0.0323186	1e-05
0.0332	-0.1163	-0.0724	-0.0046251225177849735	0.0020769418098732523	-0.005276130328778859	1.14594734	61.51567841	1.0306427	0.2511710873550436	0.0322723	6e-05
0.0273	-0.024	-0.1172	-0.0050073496239717305	0.0014748032179352085	-0.00486946861306418	1.11265123	59.72830963	0.99804169	0.212551370691974	0.0322694	0.00015
0.0126	-0.0255	-0.1337	-0.0039898226700590365	0.0010297442586766543	-0.005344198169606637	1.15119791	61.79753113	1.02084418	0.12956577348568526	0.031903	9e-05
0.0186	-0.0536	-0.1254	-0.004230678106834255	0.0010576695267085637	-0.005187118536927148	1.08839965	58.42645645	0.96306108	0.06369301687433088	0.0329664	5e-05
0.0458	-0.0533	-0.1172	-0.004070107815650777	0.0013334315485236678	-0.004792674125976429	1.08821964	58.41679001	0.97241198	0.07723883619746505	0.0343317	8e-05
0.0297	-0.0468	-0.0816	-0.004239404753094226	0.0016982053621904826	-0.00623257075887175	1.11764693	59.99647903	0.99929094	0.1568983692002792	0.0350129	6e-05
0.0782	-0.0408	-0.1686	-0.004630358505540956	0.0018936822384138475	-0.005735151922053367	1.15849757	62.18938446	1.02465256	0.19569247327442385	0.0342582	4e-05
0.0895	-0.0478	-0.2194	-0.00415213829049451	0.001801179788058148	-0.005464625887994246	1.12565541	60.42638397	0.98568581	0.11116243497306331	0.0329722	5e-05
0.0347	0.0097	-0.2615	-0.006003932626860492	2.6179938779914945e-05	-0.004982915014443811	1.18297374	63.5032959	1.06388744	0.3598252529597325	0.0368965	0.00012
0.0477	-0.0312	-0.2792	-0.00644201026911107	-0.00043458698374658803	-0.00445058959258554	1.25003111	67.10300446	1.05852913	0.14315849933176755	0.0373498	5e-05
0.0553	-0.0372	-0.1811	-0.004886921905584123	0.0001064650843716541	-0.004516912104161324	1.21098876	65.00717163	1.06321036	0.21982314716104867	0.0318487	0.00012
0.0813	0.0661	-0.2475	-0.010196213490150874	-0.0013002702927357754	-0.004406956361285682	1.32249057	70.9927063	1.21164958	0.5369991352274911	0.0501831	0.00065
0.1131	0.0899	-0.3791	-0.0057264252757933945	-0.0010524335389525807	-0.006154030942532006	1.33244622	71.52713776	1.24871701	0.51043497746935	0.0473418	0.00024
0.0981	0.0193	-0.3613	-0.003975860036043083	-6.9813170079773176e-06	-0.007143632628412791	1.16432011	62.5019455	1.05607393	0.29268095737878497	0.0431058	0.00011
0.049	-0.0587	-0.2622	-0.003145083312093782	0.0003351032163829112	-0.008141960960553548	1.17789829	63.23083878	1.02294737	0.3347594794740474	0.037465	9e-05
0.0604	-0.0691	-0.1828	-0.0031049407392979124	0.0005009094953223725	-0.007986626657126052	1.13813913	61.0965271	0.9823484	0.11926415775814136	0.0340467	2e-05
0.0684	0.0127	-0.1947	-0.0035901422713523357	0.0006038839211900379	-0.007806857744170635	1.12418568	60.3474884	1.00409197	0.14009724354387526	0.0354556	0.00012
0.0936	-0.056	-0.0958	-0.0037000980142279784	1.5707963267948964e-05	-0.008429940287132611	1.1768086	63.17234039	1.05123758	0.25886071218798534	0.0366543	5e-05
-0.0034	-0.0241	-0.1762	-0.003274237676741362	0.0006719517620178169	-0.008415977653116658	1.21563601	65.25663757	1.03376669	0.2641033385126219	0.0354437	0.0001
-0.0328	-0.1039	-0.1752	-0.003555235686312449	0.0005881759579220891	-0.008611454529340022	1.18310392	63.51028061	1.00995861	0.138212534494509	0.0366576	0.0002
-0.035	-0.1208	-0.1408	-0.0034697145529647274	0.0006370451769779302	-0.008250171374177195	1.11315143	59.75516129	1.00166174	0.07828367537831948	0.0348709	6e-05
-0.0107	-0.0856	-0.135	-0.0034993851502486306	8.726646259971648e-05	-0.008333947178272924	1.13891661	61.1382637	0.98896208	0.09846125578789229	0.0357723	0.0001
0.0028	-0.0567	-0.1871	-0.004089306437422714	0.0004258603374866164	-0.007988371986378046	1.14611232	61.52453232	0.98459054	0.15820451769779303	0.0333084	7e-05
0.0038	-0.0641	-0.1787	-0.0037140606482439333	0.0008883725892651138	-0.007707373976806959	1.08299768	58.13647079	0.95459935	0.07273780252641827	0.0326984	3e-05
0.0361	-0.1131	-0.0843	-0.0036459928074161546	0.0008970992355250854	-0.005906194188748811	1.18083811	63.3886528	1.04785163	0.26959871375729494	0.0349805	0.00031
0.0556	-0.0013	-0.0739	-0.005312782243070739	0.0009808750396208131	-0.007658504757751118	1.23816812	66.46618652	1.09975348	0.31684379043763095	0.0365129	9e-05
0.0774	0.0294	-0.1591	-0.005291838292046808	0.0006894050545377602	-0.008136724972797564	1.17033148	62.824646	1.05426391	0.1772317075576715	0.0381682	0.00019
0.0625	0.0535	-0.2181	-0.00990125284656383	-0.00022863813201125715	-0.005864306286700947	1.31783736	70.74291992	1.2445587	0.4879938213581328	0.048373	0.00072
0.1075	-0.1333	-0.0705	-0.007166321908688717	0.00038571776469074686	-0.005707226654021458	1.22998035	66.0266571	1.15463032	0.5547183233628303	0.0385692	5e-05
0.1165	-0.0536	-0.064	-0.007066838141325039	-3.4906585039886588e-06	-0.006269222673163632	1.180619	63.37688828	0.99611007	0.14773441048502936	0.0387067	0.0001
0.097	0.0927	-0.258	-0.007606144880191289	1.2217304763960308e-05	-0.006487388829662923	1.33352804	71.58521271	1.18129697	0.3984590429316745	0.0457701	0.00062
0.1525	0.021	-0.3329	-0.00618370153981591	0.00023212879051524583	-0.005558873667601939	1.23155785	66.11134338	1.16016357	0.3306434994093824	0.0431545	0.00011
0.193	0.1092	-0.5434	-0.0064943701466709	-0.0014259339988793671	-0.0051399946471233	1.30057585	69.81629944	1.19662382	0.45858052083641215	0.0644171	0.00365
0.1857	0.0482	-0.5043	-0.008185594191853404	-0.0005567600313861911	-0.004544837372193235	1.25910139	67.58990479	1.15008209	0.2651777643802873	0.0640523	0.00312
0.1484	-0.1092	-0.2968	-0.0051277773423593406	-9.773843811168246e-05	-0.004773475504204492	1.29491401	69.51236725	1.17467618	0.5894738287389915	0.0375799	5e-05
0.1551	-0.0762	-0.2159	-0.005452408583230286	-0.00034033920413889426	-0.004038691889114879	1.158427	62.18559647	1.02823774	0.18570078109938848	0.0368425	7e-05
0.1551	-0.0741	-0.2274	-0.0065606926582466845	-0.0002722713633111154	-0.005398303376418462	1.14710689	61.57792282	1.0122588	0.140398170157388	0.0368294	3e-05
0.141	-0.0971	-0.2177	-0.006421066318087138	-0.0008499753457212384	-0.00471238898038469	1.12831664	60.56924057	0.98794999	0.11696223593017208	0.0365895	5e-05
0.1211	-0.1313	-0.1697	-0.005251695719250937	-0.0005253441048502931	-0.00488168591782814	1.14569163	61.50194931	1.01568828	0.1852649388575298	0.0336435	9e-05
0.1138	0.0055	-0.2804	-0.004790928796724435	-0.0011013027580084218	-0.005194099853935124	1.2479136	66.98933411	1.10508473	0.3222569755895807	0.0405405	0.00125
0.0888	0.1053	-0.4654	-0.005918411493512772	-0.0009354964790689606	-0.005016076270231703	1.34335482	72.1127243	1.1820138	0.3833656279715608	0.0547754	0.00123
0.0819	-0.0522	-0.3468	-0.005503023131538122	-0.000973893722612836	-0.004194026192542374	1.21439016	65.1897583	1.09600289	0.34679178416039264	0.0412606	0.00018
0.0718	-0.0406	-0.2413	-0.006686356364390277	-0.000853466004225227	-0.005377359425394529	1.19648361	64.22851562	1.06329488	0.25155470920459594	0.037762	5e-05
0.1012	0.0273	-0.2942	-0.007087782092348972	-0.0005340707511102648	-0.005658357434965616	1.17135811	62.87975693	1.01800225	0.20029094953223728	0.0405648	3e-05
0.0743	0.0019	-0.3399	-0.006681120376634293	-0.000317649923862968	-0.005567600313861911	1.15279198	61.88310242	0.9929761	0.133691983203284	0.0405384	0.0001
0.0721	-0.047	-0.291	-0.006878342582109652	-0.00020594885173533088	-0.0065659286460026675	1.13413525	60.8815918	0.99579936	0.16536258048718763	0.0411533	7e-05
0.1018	-0.0252	-0.2432	-0.006862634618841703	-0.0005707226654021458	-0.005452408583230286	1.14704466	61.57458115	1.01133179	0.17400009198535726	0.0376743	5e-05
0.0877	-0.0908	-0.1249	-0.00610341639422417	-0.0003961897402027128	-0.005340707511102648	1.16744351	62.66961288	1.02152389	0.2502726110972302	0.0341569	5e-05
0.0823	0.0175	-0.1764	-0.006346017160251381	-0.0006440264939859076	-0.005735151922053367	1.15021658	61.74485779	0.99557303	0.20944409653805623	0.032383	3e-05
0.0843	0.0901	-0.2572	-0.008724900930719653	-0.0007382742735936014	-0.006021385919380436	1.15580571	62.04488373	1.03579731	0.2933682773701517	0.04282	0.00014
0.0735	0.0311	-0.27	-0.007225663103256523	0.000635299847725936	-0.007094763409356949	1.18388641	63.55228424	1.0580715	0.279909471937959	0.0404149	0.0001
0.069	-0.0552	-0.1884	-0.005103342732831419	0.0009197885158010115	-0.006867870606597688	1.16956556	62.78353119	1.02238088	0.304085092062972	0.0344015	0.00011
0.0927	-0.0523	-0.1425	-0.004684463712352781	0.0005724679946541401	-0.00626049602690366	1.19122171	63.94605637	0.99247955	0.1411787060659769	0.0331734	5e-05
0.0927	-0.0685	-0.131	-0.003518583772020568	0.00014660765716752367	-0.00613134166225608	1.13288701	60.81458282	0.99887104	0.11374473212332044	0.0324168	5e-05
0.0788	-0.0666	-0.1334	-0.0019355701404617114	2.4434609527920616e-05	-0.006707300315414208	1.16273284	62.41674423	0.99646294	0.13225726661782938	0.0337804	5e-05
0.0886	-0.0391	-0.128	-0.001726130630222392	0.000307177948351002	-0.006660176425610361	1.15575373	62.04209518	0.95721439	0.0696653369433124	0.0339499	1e-05
0.0794	-0.0164	-0.1057	-0.0022794000031045943	0.00042411500823462205	-0.00641408500107916	1.08813214	58.41209793	0.9639592	0.10001489286485112	0.0353938	4e-05
0.0415	-0.0004	-0.062	-0.0023701571242082994	0.0013124875974997359	-0.007773696488382744	1.23019886	66.03839111	1.06290746	0.21453705988362012	0.0410296	0.00041
0.0626	0.0088	-0.0966	-0.00404741853537485	0.0008098327729253688	-0.007726572598578897	1.30622673	70.11964417	1.10955259	0.17625200627723828	0.0387855	0.00032
0.0455	0.0839	-0.2041	-0.005153957281139256	0.0012269664641520136	-0.009351474132185619	1.22304046	65.6541214	1.11298643	0.35712869852988854	0.0446093	0.00039
0.0324	0.0625	-0.2412	-0.005560618996853934	0.000932005820564972	-0.009093165402890457	1.17135656	62.87966919	1.02683796	0.11959655442984408	0.0410843	0.00019
0.0839	0.0486	-0.2374	-0.006396631708559217	0.001165879940332212	-0.00776846050062676	1.13882565	61.13337708	0.99953854	0.18892958668681104	0.0412717	7e-05
0.0745	0.0163	-0.1898	-0.005420992656694387	0.0008674286382411819	-0.008056439827205825	1.1301229	60.66620636	1.00163405	0.16740348402674626	0.0378829	0.00013
0.07	0.0039	-0.1683	-0.004572762640225143	0.000804596785169386	-0.008246680715673206	1.10972297	59.57111359	0.98178827	0.09346513790042099	0.0359127	4e-05
0.0604	0.0592	-0.2212	-0.003993313328563026	0.000486946861306418	-0.008038986534685882	1.09630942	58.85106277	0.97650966	0.17303967082562047	0.0360257	5e-05
0.0265	0.0591	-0.2873	-0.004078834461910747	-9.42477796076938e-05	-0.007766715171374767	1.16363502	62.46517181	1.00115278	0.1470493568786474	0.0385126	9e-05
0.0696	0.0407	-0.3235	-0.0036180675393842456	-0.000947713783832921	-0.005738642580557355	1.17634797	63.14761734	1.01664666	0.26481527587845705	0.0391772	5e-05
0.0489	0.0174	-0.3757	-0.0029618237406343773	-0.0008866272600131194	-0.005640904142445672	1.17297554	62.96657944	1.02493995	0.13695343803406762	0.0397201	0.00013
0.0519	-0.0652	-0.2196	-0.001350884841043611	-0.00032463124087094524	-0.00653451271946677	1.21550608	65.24966431	1.07544832	0.39502717478770194	0.0351304	9e-05
0.0551	-0.0186	-0.229	-0.0012583823906879114	-0.0006230825429619757	-0.006270968002415626	1.13820887	61.10026932	0.99435564	0.09192492347489373	0.0355141	7e-05
0.0722	0.0502	-0.353	-0.003298672286269283	-0.0008918632477691023	-0.006513568768442837	1.21036255	64.97355652	1.08433341	0.3374835683207854	0.0409948	0.00012
0.0571	0.0266	-0.386	-0.0035447637108004834	-0.0014137166941154068	-0.006705554986162213	1.09908473	59.00004196	0.98465903	0.1196965544298441	0.0426762	0.00011
0.0793	-0.053	-0.2927	-0.005729915934297383	-0.001069886831472524	-0.006689847022894265	1.22193265	65.59465027	1.08815655	0.3223345024703865	0.0407617	0.00016
0.1165	-0.0195	-0.3038	-0.005218534463463045	-0.0015446163880149814	-0.005578072289373877	1.20080996	64.46076202	1.05983595	0.18669428804485916	0.0392401	0.0001
0.1162	-0.1402	-0.1992	-0.0029967303256742636	-0.0013927727430914749	-0.005450663253978291	1.20843041	64.8698349	1.05940696	0.35065284090539367	0.0337148	2e-05
0.116	-0.108	-0.1765	-0.0026075219024795284	-0.0016318828506146981	-0.00528485697503883	1.1526494	61.87545395	0.98118021	0.09480624048287097	0.0337355	6e-05
0.0955	-0.0691	-0.1426	-0.003235840433197487	-0.0014800392056911916	-0.005510004448546098	1.18407905	63.5626297	0.98348221	0.1435654824574366	0.0344338	0.00014
0.0921	-0.1165	-0.1348	-0.003073524812762014	-0.0013159782560037243	-0.005839871677173027	1.17077816	62.84862137	0.98202152	0.09141218993749346	0.0323014	7e-05
0.0958	-0.0998	-0.1704	-0.002928662484846485	-0.0009616764178488756	-0.0060964350772161925	1.12123132	60.18889618	0.96440225	0.09378637830567718	0.03246	5e-05
0.1245	-0.0506	-0.2412	-0.004358087142229841	-0.001054178868204575	-0.005436700619962336	1.16860759	62.73210144	1.02145063	0.2577830782496456	0.0357247	0.00018
0.1023	-0.1072	-0.2384	-0.0033440508468211352	-0.0005009094953223725	-0.005331980864842677	1.19637322	64.22259521	0.99576554	0.16520127117052835	0.0345604	0.0001
0.1125	-0.0151	-0.3383	-0.0035081117965086025	-0.000486946861306418	-0.004731587602156627	1.21567273	65.25861359	1.05219938	0.24112084231947356	0.039784	0.00016
0.119	-0.1103	-0.2369	-0.0036896260387160127	-0.0007295476273336296	-0.004525638750421296	1.17560303	63.10762787	1.05006336	0.23460319299849763	0.0332781	4e-05
0.0987	-0.0959	-0.1757	-0.0038833575856873836	-0.0002303834612632515	-0.0049462631001519295	1.10782719	59.46934509	0.98555826	0.15157600313861916	0.0315077	6e-05
0.0954	-0.0749	-0.1724	-0.003926990816987242	-0.00010297442586766544	-0.00570024533701348	1.10191107	59.15176392	0.96127981	0.07385122517784974	0.0320268	1e-05
0.1084	-0.0608	-0.1682	-0.004745550236172582	-0.0003159045946109737	-0.005471607205002223	1.11293519	59.74354935	0.96558865	0.09430638599699523	0.0315088	8e-05
0.1229	-0.1029	-0.1645	-0.004639085151800928	-0.0005585053606381855	-0.004995132319207771	1.10707557	59.42899704	0.95652206	0.10157703680966589	0.0327544	3e-05
0.1134	-0.1063	-0.1248	-0.0048136180770003605	-0.0004799655442984406	-0.004902629868852071	1.12022066	60.13464355	0.98525378	0.06987875959474384	0.0333606	7e-05
0.1071	0.0978	-0.3016	-0.006735225583446118	6.981317007977319e-05	-0.00456752665246916	1.32641339	71.20328522	1.24874427	0.527524471860344	0.0466512	0.0011
0.1256	-0.0259	-0.3806	-0.004124213022462601	-8.901179185171081e-05	-0.004401720373529699	1.28342938	68.89585876	1.19015686	0.3679821900927231	0.0431193	0.00015
0.0994	-0.1543	-0.174	-0.00443837228782158	-0.0004921828490624009	-0.004305727264670011	1.24941111	67.06972504	1.13798183	0.4018661715714679	0.0318847	6e-05
0.1234	-0.0824	-0.1767	-0.005646140130201657	-0.0011082840750163993	-0.0032882003107573173	1.12857461	60.58309174	1.00515118	0.24066980111233843	0.0330387	0.00013
0.1513	-0.0891	-0.1578	-0.007194247176720626	-0.0015481070465189703	-0.0034836771869806815	1.16413677	62.49210358	1.02518922	0.16267034471224523	0.0388736	0.00017
0.1894	-0.0702	-0.2275	-0.007710864635310948	-0.0017226399717184032	-0.004012511950334963	1.20893514	64.89692688	1.03227297	0.18769925735720192	0.0430881	0.00015
0.2055	-0.1197	-0.2162	-0.005729915934297383	-0.0012479104151759456	-0.0041329396687225725	1.15292478	61.89023209	1.01699223	0.2057052987971816	0.039579	0.00013
0.2194	-0.1649	-0.1969	-0.005628686837681713	-0.0016947147036864942	-0.003974114706791089	1.12347209	60.30918121	0.96886866	0.1137429173528851	0.0411872	0.0001
0.2427	-0.1374	-0.1655	-0.004431390970813603	-0.0019216075064457567	-0.002665117767795341	1.13956046	61.17282104	1.00027463	0.21885928043115604	0.0410725	0.00022
0.2425	-0.2171	-0.1118	-0.0032114058236695662	-0.0016441001553786586	-0.0027104963283471934	1.15073752	61.77281952	1.01934063	0.21074355293814936	0.0412197	0.00019
0.2372	-0.1962	-0.1022	-0.0030717794835100195	-0.0019058995431778078	-0.0024748768793279594	1.05768859	56.77785492	0.95798379	0.06765225884889646	0.0415228	0.00014
0.2002	-0.1643	-0.1171	-0.0026302111827554544	-0.0018343410438460403	-0.0029129545215785357	1.10659409	59.40315247	0.97828165	0.13136022211684545	0.0379621	6e-05
0.1694	-0.1736	-0.1243	-0.0022270401255447643	-0.0016126842288427606	-0.0032061698359135836	1.13889921	61.13732529	0.95371544	0.09320215932745088	0.0363867	0.00014
0.1595	-0.1989	-0.1154	-0.002357939819444339	-0.0016859880574265225	-0.0034365532971768345	1.11386967	59.79371262	0.93510928	0.06582934918732936	0.0362753	3e-05
0.1505	-0.1985	-0.1153	-0.002036799237077382	-0.0016702800941585732	-0.0037245326237558994	1.06087041	56.94865417	0.9261636	0.040741393610698555	0.0357378	5e-05
0.1596	-0.1984	-0.1168	-0.002129301687433082	-0.0016947147036864942	-0.0036582101121801144	1.07060301	57.4711113	0.92330883	0.019862978572970296	0.0372208	5e-05
0.1764	-0.1707	-0.0718	-0.0037594392087957856	-0.0009075712110370514	-0.002769837522915001	1.1298368	60.65084457	1.01938407	0.254782680163863	0.038606	0.00015
0.1506	-0.2218	-0.0618	-0.004246386070102203	-0.00028099800957108706	-0.0025516713664157096	1.16774738	62.68592834	1.01134951	0.15348431096358367	0.0387172	0.00018
0.1467	-0.2003	-0.0524	-0.004162610266006475	-8.552113334772214e-05	-0.0027157323161031764	1.0750308	57.70880508	0.96113495	0.05696568150032798	0.0360141	0.00011
0.1388	-0.1968	-0.0471	-0.0036547194536761256	-0.0002495820830351891	-0.002949606435870417	1.07104135	57.49464417	0.95739328	0.06199129408925286	0.0352573	5e-05
0.1434	-0.1933	-0.0731	-0.0038798669271833948	-0.0002251474735072685	-0.0028605946440187057	1.07466364	57.68909454	0.94697639	0.051029693744345045	0.0347112	3e-05
0.1369	-0.1915	-0.0841	-0.003867649622419434	-0.00029496064358704166	-0.0028640853025226946	1.05303133	56.52784348	0.93717669	0.02357605666738613	0.0350316	9e-05
0.1281	-0.2138	-0.0857	-0.0033772121026090277	-0.00021118483949131387	-0.003110176727053895	1.07881558	57.91197205	0.93710583	0.07371523742186673	0.0352324	3e-05
0.1253	-0.2146	-0.0877	-0.003333578871309169	-0.00011693705988362007	-0.0032550390549694243	1.05892336	56.84413528	0.93932222	0.019737166941154103	0.0352414	4e-05
0.1218	-0.1973	-0.049	-0.004122467693210606	0.00038048177693476387	-0.003267256359733385	1.12848103	60.57806778	0.97703133	0.12442624817418908	0.0361052	0.00011
0.0802	-0.2179	0.1549	-0.004380776422505768	0.0017819811662862105	-0.0023160519173964756	1.35551131	72.76529694	1.23654149	0.39665062804917595	0.0585956	0.00367
0.0552	-0.249	0.0579	-0.0021118483949131386	0.001616174887346749	-0.0030002209841782524	1.23671389	66.38812256	1.13422237	0.30904516866569326	0.0459666	0.00039
0.0544	-0.1423	0.0706	-0.004131194339470578	0.0015550883635269475	-0.0025603980126756814	1.13986754	61.18930817	1.06862618	0.24621277199399053	0.0454375	0.00067
0.0562	-0.221	0.0879	-0.002542944720155738	0.0016824973989225337	-0.002584832622203602	1.16015506	62.27836227	1.07562912	0.18480466321191727	0.0503148	0.00062
0.0582	-0.1441	0.0081	-0.0017453292519943296	0.002008873969045473	-0.0024923301718479027	1.17305815	62.97101593	1.02735991	0.21952472443200235	0.0448558	0.0005
0.056	-0.1413	-0.0262	-0.002436479635784084	0.000890117918517108	-0.0022130774915288098	1.13488007	60.92157745	0.99108745	0.14375795573186062	0.0414761	0.00017
0.0554	-0.1598	-0.0458	-0.002925171826342496	0.000879645943005142	-0.0024853488548399255	1.14948666	61.7056694	0.99380143	0.07727177646907468	0.038391	0.00015
0.0604	-0.1615	-0.0885	-0.003225368457685521	0.0009686577348568529	-0.002823942729726825	1.16365206	62.46608734	1.00540151	0.08579011490408178	0.0358651	0.00022
0.0504	-0.2008	-0.1628	-0.0027628562059070234	3.4906585039886588e-06	-0.0026005405854715507	1.17081058	62.85036469	1.03951928	0.20615407361933183	0.0374544	0.00029
0.0766	-0.1389	-0.2356	-0.0020106192982974674	-0.0006928957130417488	-0.002490584842595908	1.1825397	63.47999191	1.06132689	0.2388289511015468	0.0383483	0.00035
0.055	-0.1461	-0.2021	-0.002949606435870417	-0.0003717551306747922	-0.0029321531433504737	1.26316917	67.80827332	1.02787752	0.14738480103472362	0.0334948	0.00015
0.051	-0.1138	-0.2356	-0.0046582837735728655	0.00038571776469074686	-0.002621484536495483	1.16958559	62.78460693	1.03813217	0.2086409419961489	0.0366338	7e-05
0.0077	-0.1137	-0.2085	-0.00382576172037157	0.00045902159327450867	-0.0020106192982974674	1.25958431	67.61582947	1.10955114	0.14633455599915365	0.0394784	0.00024
-0.0033	-0.2257	-0.07	-0.0023422318561763904	0.0006667157742618339	-0.0022078415037728267	1.23633003	66.36751556	1.10524991	0.35592231253289325	0.0389904	0.00031
0.0165	-0.1791	-0.0682	-0.0020769418098732523	0.0004974188368183839	-0.002438224965036078	1.09235275	58.63866425	0.97409674	0.10144852225049196	0.0358586	0.00016
0.0214	-0.1684	-0.1126	-0.0017400932642383465	3.316125578789226e-05	-0.002398082392240209	1.1048007	59.30688095	0.96860214	0.10206243497306336	0.0340073	8e-05
0.0193	-0.1578	-0.1355	-0.0018325957145940458	0.00018675022996339323	-0.002713986986851182	1.10189021	59.15064621	0.95674539	0.06369980095710868	0.0355731	8e-05
0.0059	-0.1952	-0.1353	-0.0011431906600562858	0.0004188790204786391	-0.00325329372571743	1.11102688	59.64111328	0.96051676	0.1240420291959627	0.0350862	7e-05
0.0027	-0.1992	-0.1505	-0.001244419756671957	0.000158824961931484	-0.0034609879067047556	1.11673427	59.94749069	0.94093163	0.05084886680750755	0.0348138	8e-05
0.0173	-0.2031	-0.1518	-0.001778490507782222	0.0003769911184307752	-0.0033527774930811067	1.13597405	60.9803009	0.94328656	0.06282236606166025	0.0342455	0.0001
0.0147	-0.1952	-0.1707	-0.0012671090369478833	0.0003316125578789226	-0.003223623128433527	1.0884167	58.42736816	0.95250517	0.06369571980168855	0.0346912	0.00011
0.0075	-0.195	-0.1578	-0.0007295476273336296	0.00016231562043547262	-0.0036128315516282617	1.08512688	58.25077057	0.95035167	0.07510333851262192	0.0359691	4e-05
0.0067	-0.2096	-0.1474	-0.0007400196028455958	0.00015009831567151235	-0.003782128489071712	1.11891854	60.06474304	0.93384591	0.03539931088596883	0.0369306	2e-05
0.0123	-0.2045	-0.1541	-0.0005148721293383271	0.0004014257279586958	-0.003946189438759179	1.04738641	56.22481918	0.9350383	0.04942679177409598	0.0355738	7e-05
0.0095	-0.1967	-0.1565	-0.0008028514559173916	0.00042935099599060504	-0.0039706240482871	1.04456615	56.07342911	0.93910742	0.030016960206944696	0.0340298	5e-05
0.0123	-0.2598	-0.0404	-0.0012077678423800758	0.0005567600313861911	-0.004546582701445229	1.12384105	60.32899094	1.00520935	0.23741420375081992	0.0381348	7e-05
0.0052	-0.2477	-0.0101	-0.0009581857593448868	0.000598647933434055	-0.0050125856117277144	1.11821365	60.02690125	0.97292517	0.08737364476827691	0.040234	8e-05
-0.0102	-0.2157	-0.0206	-0.0012479104151759456	0.0002024581932313422	-0.004968952380427856	1.12396038	60.335392	0.98076965	0.09437738136668147	0.0401774	9e-05
-0.0154	-0.2182	-0.0352	-0.0012130038301360591	0.00020769418098732522	-0.004839798015780276	1.03314626	55.460392	0.94137666	0.030764846872172503	0.0401115	0.0001
-0.0153	-0.2339	-0.0457	-0.0010821041362364843	0.00027925268031909274	-0.005003858965467743	1.0035063	53.8692894	0.91666311	0.04462595714594047	0.040156	5e-05
-0.0237	-0.2337	-0.0485	-0.001090830782496456	0.00028623399732707005	-0.005108578720587403	1.00208557	53.79302597	0.92047265	0.017421385919380458	0.0409374	9e-05
-0.0273	-0.248	-0.0423	-0.0008604473212332044	0.0003595378259108319	-0.005188863866179142	1.01933861	54.71918488	0.92654202	0.043298621771937607	0.0409577	0.00012
-0.0425	-0.2695	-0.0148	-0.0005951572749300663	0.00040666171571467877	-0.0051173053668473745	1.04422987	56.05537415	0.95044016	0.08339862177193763	0.0456526	0.00011
-0.0578	-0.264	-0.0297	-4.537856055185256e-05	0.0004188790204786391	-0.0042324234360862495	1.03396523	55.50435638	0.95451394	0.10804389749516496	0.0447979	0.00019
-0.0283	-0.2372	-0.052	0.0004049163864626844	0.0006178465552059926	-0.003909537524467298	1.04936552	56.33106232	0.94913336	0.1272074196680421	0.0442426	0.00011
-0.0157	-0.2256	-0.0596	0.0005969026041820607	0.0006579891280018621	-0.003829252378875559	1.11942029	60.0916748	0.94434917	0.04742069680534924	0.0435953	0.00022
0.0054	-0.2054	-0.059	0.0005427973973702365	0.0005061454830783556	-0.004180063558526419	1.10208976	59.16135406	0.96355984	0.06973800156930954	0.0441828	0.0001
0.069	-0.2097	-0.0756	0.000895353906273091	-5.4105206811824215e-05	-0.0044436082755775624	1.13660717	61.01428986	0.97795409	0.1433175957922089	0.0435107	0.00012
0.0698	-0.1795	-0.1614	0.0013980087308474581	-7.330382858376184e-05	-0.004394739056521722	1.14283907	61.34881973	0.98607992	0.14533613327010725	0.0438347	5e-05
0.0666	-0.2147	-0.1771	0.0019774580425095754	-0.00026878070480712676	-0.004754276882432553	1.06388068	57.11024857	0.94858308	0.11082320068981567	0.0479483	0.00018
0.0751	-0.1926	-0.2061	0.001244419756671957	-0.00019198621771937622	-0.00477696616270848	1.08297086	58.13503265	0.95870668	0.1012261026600648	0.04418	0.00018
0.0916	-0.2202	-0.1629	0.0017680185322702558	-0.0006649704450098395	-0.004963716392671873	1.06884503	57.37674332	0.95722556	0.1464666616426078	0.0481212	0.00035
0.0496	-0.258	-0.1242	0.001022762941668677	-0.0004485496177625427	-0.004838052686528281	1.15369999	61.93184662	0.96439913	0.1728670061996234	0.0438288	0.0002
0.0838	-0.1843	-0.1152	0.0013439035240356337	-0.0009546951008408983	-0.004693190358612751	1.09286261	58.6660347	0.96160769	0.1655074196680421	0.0444238	0.00013
0.0619	-0.2017	-0.116	0.0016301375213627037	-0.0007906341511534313	-0.004948008429403923	1.09451938	58.75497055	0.96587697	0.07535565089028545	0.0454097	0.00015
0.0584	-0.2118	-0.1196	0.001462585913171248	-0.0008080874436733745	-0.005522221753310059	1.10331166	59.22694778	0.96567017	0.05516091123087673	0.0452774	0.00011
0.0681	-0.1523	-0.1138	0.0006265732014659643	-0.0012147491593880533	-0.00564788545945365	1.14386284	61.40377808	0.97890049	0.14341690667817764	0.0429981	0.00011
0.0765	-0.0806	-0.2034	-0.002008873969045473	-0.0017453292519943296	-0.005920156822764766	1.22867477	65.95657349	1.10673391	0.3416149313214415	0.0353624	9e-05
0.0944	-0.1555	-0.2365	-0.0013264502315156904	-0.0023474678439323734	-0.005370378108386551	1.1847508	63.59869003	1.03747285	0.21761705219230207	0.038139	8e-05
0.0873	-0.2162	-0.136	-0.00045553093477052	-0.0020210912738094335	-0.00574038790980935	1.14966559	61.71527863	1.00731513	0.2466652834145454	0.0414433	0.0001
0.1077	-0.1408	-0.1779	-0.0009459684545809266	-0.002584832622203602	-0.005490805826774161	1.14043951	61.22000885	0.99556674	0.20288804756198817	0.0382513	5e-05
0.1382	-0.138	-0.2079	-0.002049016541841343	-0.002621484536495483	-0.005263913024014897	1.16066658	62.30582428	1.00053743	0.13162964021557805	0.038606	9e-05
0.1266	-0.139	-0.3034	-0.0018256143975860688	-0.0029949849964222694	-0.00478918346747244	1.17636609	63.14858627	1.01721727	0.1616816080362259	0.0402254	8e-05
0.1754	-0.2013	-0.2541	-0.0007993607974134029	-0.0038100537571036214	-0.0035342917352885177	1.19989169	64.41146851	1.02760761	0.31521070465189704	0.0462624	0.00021
0.1912	-0.1764	-0.3602	-0.0015899949485668342	-0.003565707661824415	-0.0033300882128051803	1.24343193	66.74875641	1.0467896	0.2087591884457988	0.0492895	0.00032
0.2264	-0.103	-0.5216	-0.001520181778487061	-0.00436157780073383	-0.003082251459021986	1.25701237	67.47776794	1.11154546	0.32567600313861894	0.0646015	0.00246
0.2773	-0.132	-0.5249	-0.0015079644737231008	-0.004787438138220445	-0.0018727382873899156	1.20462334	64.66546631	1.05448993	0.1655795406941324	0.0678025	0.00377
0.2752	-0.1432	-0.5279	-0.0025342180738957666	-0.005770058507093254	-0.0009459684545809266	1.18769872	63.75693512	1.06333585	0.16308219009272315	0.0702085	0.0051
0.238	-0.2817	-0.3448	-0.00048171087355043494	-0.004504694799397364	-0.0010768681484805013	1.26019013	67.64835358	1.17349905	0.5312385300970399	0.060392	0.00258
0.2143	-0.1842	-0.4047	-0.0014364059743913332	-0.004799655442984407	-0.002647664475275398	1.18866992	63.8090744	1.08885191	0.3221226035611419	0.0557578	0.00133
0.2373	-0.1185	-0.4467	-0.002129301687433082	-0.004286528642898074	-0.003120648702565861	1.20292366	64.57422638	1.03494429	0.2146503370209272	0.0573164	0.00109
0.1913	0.0276	-0.4795	-0.006147049625524028	-0.004682718383100785	-0.002253220064324679	1.28702223	69.08872986	1.16128696	0.4889683158267421	0.0605277	0.00188
0.1762	-0.2191	-0.2895	-0.0019408061282176943	-0.002935643801854462	-0.002040289895581371	1.39463568	74.86553192	1.27798295	0.7601124123647982	0.0468392	0.00034
0.176	-0.2083	-0.2447	-0.0013037609512397642	-0.0032044245066615894	-0.0021275563581810873	1.18391049	63.55358124	1.01555967	0.10545461721923864	0.0447075	0.00017
0.1709	-0.1578	-0.3053	-0.0012758356832078548	-0.003532546406036523	-0.0027366762671271086	1.10165477	59.13800812	0.99104559	0.16445835381764326	0.0454355	0.00025
0.1667	-0.1392	-0.3582	-0.0011222467090323538	-0.003522074430524557	-0.003139847324337799	1.1042608	59.2779007	0.99018174	0.10406160034490788	0.046155	0.00026
0.1634	-0.1357	-0.4656	0.0020210912738094335	-0.0041556289489984985	-0.0033597588100890844	1.23098767	66.08073425	1.06739365	0.31404019935335065	0.0622941	0.00291
0.1727	-0.2155	-0.3955	0.0013805554383275148	-0.0032829643230013338	-0.00322885911618951	1.19160652	63.96671295	1.00459086	0.24140500776893287	0.0556067	0.00106
0.172	-0.1765	-0.386	0.0010367255756846318	-0.0031852258848896514	-0.0029880036794142917	1.13495088	60.92537689	0.98347765	0.08332118687648923	0.0538392	0.00108
0.183	-0.1229	-0.4337	0.0005480333851262194	-0.003488913174736664	-0.0028815385950426383	1.1573329	62.12686539	1.00597419	0.1572422282388539	0.0558191	0.00129
0.2395	-0.2367	-0.2766	0.0028274333882308137	-0.0028396506929947744	-0.002963569069886372	1.22371435	65.69029236	1.11866854	0.4779346479845109	0.0617068	0.00155
0.2156	-0.2095	-0.2625	0.0038816122564353885	-0.002886774582798621	-0.0030543261909900766	1.13224685	60.78022385	0.98980206	0.12480299395560628	0.0665907	0.0027
0.2133	-0.2039	-0.265	0.004249876728606192	-0.0030944687637859463	-0.002883283924294633	1.11517489	59.86377716	0.95234697	0.047750045992678666	0.0671978	0.00315
0.2029	-0.1581	-0.2447	0.003145083312093782	-0.0027558748888990466	-0.003363249468593073	1.15498066	62.00059509	0.99904959	0.17266764178488753	0.0617867	0.00146
0.2034	-0.197	-0.2377	0.0036686820876920805	-0.0030962140930379405	-0.0038432150128915135	1.13044167	60.68331909	0.9777721	0.11359517620178164	0.0630317	0.00146
0.1895	-0.1733	-0.2432	0.003715805977495928	-0.002960078411382383	-0.0039723693775390945	1.05598605	56.6864624	0.93926918	0.0587206968053493	0.0636788	0.00174
0.1808	-0.1883	-0.2512	0.003876376268679406	-0.0027436575841350863	-0.004202752838802345	1.06214738	57.0172081	0.94150065	0.06206872898470125	0.0645431	0.00163
0.1757	-0.2022	-0.2492	0.004017747938090946	-0.0026406831582674204	-0.004349360495969869	1.0871501	58.35937881	0.94289862	0.040547687622336494	0.0658012	0.00161
0.1672	-0.2046	-0.2484	0.004338888520457902	-0.002494075501099897	-0.004574507969477138	1.10958862	59.56389999	0.94713789	0.04634478565208741	0.0659691	0.00202
0.1653	-0.1942	-0.2291	0.0042167154728183	-0.0023963370629882146	-0.004544837372193235	1.12368488	60.32060623	0.94250855	0.04407910415175935	0.066138	0.00231
0.1632	-0.1958	-0.2135	0.004405211032033687	-0.002305579941884509	-0.004773475504204492	1.12222588	60.24228668	0.93219516	0.044694540616517446	0.0671627	0.00256
0.1577	-0.191	-0.2134	0.004574507969477138	-0.002183406894244906	-0.005061454830783556	1.07549417	57.73367691	0.92885374	0.03937246558310585	0.0684824	0.00286
0.1622	-0.2005	-0.2019	0.004523893421169302	-0.002261946710584651	-0.005028293574995664	1.06564975	57.20521545	0.93312867	0.03361578102177366	0.0685762	0.00299
0.1608	-0.2016	-0.2262	0.004773475504204492	-0.0023439771854283846	-0.004948008429403923	1.05692756	56.73699951	0.93696445	0.0473948851735332	0.0689242	0.00297
0.1566	-0.1838	-0.2284	0.005110324049839397	-0.0023911010752322315	-0.005031784233499652	1.09142661	58.5889473	0.94747106	0.047587411976724045	0.0711458	0.00339
0.1577	-0.1906	-0.2333	0.005016076270231703	-0.0021956241990088664	-0.004953244417159907	1.08217251	58.09217453	0.94696731	0.031213223608540223	0.0681351	0.00269
0.1543	-0.1776	-0.2259	0.004452334921837535	-0.0020141099568014562	-0.004775220833456485	1.08081198	58.01914215	0.96566498	0.06996395871525002	0.0661289	0.002
0.1573	-0.2165	-0.2301	0.004722860955896656	-0.0020804324683772408	-0.005096361415823441	1.084095	58.19537735	0.96695513	0.0789994564000931	0.0660063	0.00197
0.1629	-0.2032	-0.24	0.00463559449329694	-0.0019460421159736775	-0.005096361415823441	1.04241943	55.9581871	0.94859992	0.03988284075016397	0.065341	0.00196
0.1828	-0.181	-0.2414	0.004892157893340105	-0.002038544566329377	-0.004982915014443811	1.08419466	58.20072937	0.96049612	0.0666256125889248	0.0694005	0.00277
0.1986	-0.152	-0.2302	0.0026912977065752563	-0.0021013764194011725	-0.004286528642898074	1.21351051	65.14253998	1.05090907	0.20400392056911917	0.0605951	0.001
0.1847	-0.224	-0.2412	0.0044820055191214375	-0.0018238690683340744	-0.004508185457901353	1.18201923	63.45205307	1.04029536	0.21139359893082796	0.0665417	0.00211
0.1922	-0.197	-0.2416	0.004920083161372014	-0.0017540558982543013	-0.004600687908257053	1.10083389	59.09393692	0.95388093	0.06491966313430252	0.069344	0.00261
0.1903	-0.1647	-0.2218	0.004494222823885398	-0.0013665928043115599	-0.00456752665246916	1.13069451	60.69688797	0.98023068	0.09632423436086254	0.0681382	0.00198
0.1761	-0.2278	-0.2672	0.005717698629533424	-0.0015428710587629874	-0.00449073216538141	1.1392746	61.15747452	1.00223367	0.19652742735936007	0.0739344	0.00418
0.1757	-0.2381	-0.3289	0.006960373056953386	-0.0020141099568014562	-0.003757693879543791	1.1191926	60.07945251	0.97653274	0.1947475805648025	0.0802905	0.00726
0.1734	-0.2473	-0.3336	0.007803367085666647	-0.0018291050560900572	-0.00326551103048139	1.07665014	57.79573059	0.9489781	0.09220908892435299	0.0845791	0.01042
0.1727	-0.2582	-0.2999	0.007541567697867498	-0.0015550883635269475	-0.003239331091701475	1.10144281	59.12662506	0.94705259	0.07339980095710866	0.0836641	0.00913
0.1812	-0.2398	-0.2873	0.006876597252857658	-0.00147131255943122	-0.002981022362406315	1.13216412	60.77577972	0.97652751	0.08985274892003635	0.0793196	0.00696
0.1624	-0.2531	-0.232	0.006393141050055229	-0.0009459684545809266	-0.003274237676741362	1.09743655	58.91156387	0.96805212	0.15250078109938847	0.076284	0.00563
0.1653	-0.2331	-0.2583	0.006368706440527309	-0.0008272860654453122	-0.003193952531149623	1.07825172	57.88170624	0.94819625	0.060370107212763605	0.0754102	0.00533
0.1749	-0.2269	-0.2559	0.0063006385996995295	-0.0010524335389525807	-0.0029949849964222694	1.08970034	58.49628067	0.95113557	0.04280914245312004	0.0762473	0.0051
0.1703	-0.2128	-0.264	0.006504842122182866	-0.0008691739674931761	-0.003193952531149623	1.11092615	59.63570404	0.95074625	0.05612153143350469	0.0769259	0.00557
0.1761	-0.2274	-0.2513	0.00636521578202332	-0.000947713783832921	-0.003415609346152903	1.09750438	58.91520691	0.9448738	0.05509114857512853	0.0785196	0.00579
0.1784	-0.2302	-0.2754	0.006653195108602383	-0.0009232791743050004	-0.0035203291012725624	1.09887397	58.98873138	0.94238934	0.05005668456133212	0.0776306	0.00606
0.1655	-0.2033	-0.271	0.006267477343911637	-0.0010786134777324957	-0.0033859387488689996	1.10738397	59.44555664	0.96341178	0.07797212102609016	0.0768173	0.00519
0.1501	-0.24	-0.2877	0.006178465552059926	-0.0013124875974997359	-0.0031014500807939236	1.12663472	60.47895432	0.96691435	0.09916872898470132	0.0735766	0.00469
0.152	-0.2127	-0.2629	0.006202900161587847	-0.0011780972450961724	-0.0033283428835531865	1.05567324	56.66966629	0.93982309	0.07328588823453734	0.0745785	0.00461
