bids_name	aor	aqi	dummy_trs	dvars_nstd	dvars_std	dvars_vstd	efc	fber	fd_mean	fd_num	fd_perc	fwhm_avg	fwhm_x	fwhm_y	fwhm_z	gcor	gsr_x	gsr_y	size_t	size_x	size_y	size_z	snr	spacing_tr	spacing_x	spacing_y	spacing_z	summary_bg_k	summary_bg_mad	summary_bg_mean	summary_bg_median	summary_bg_n	summary_bg_p05	summary_bg_p95	summary_bg_stdv	summary_fg_k	summary_fg_mad	summary_fg_mean	summary_fg_median	summary_fg_n	summary_fg_p05	summary_fg_p95	summary_fg_stdv	tsnr
sub-01_task-conversation_run-01_bold	0.0027796303142329022	0.06976594972273568	0	60.335350361240735	1.0792531653148154	0.9795609279814814	0.4803	33704.1094	0.24761177600487372	279	51.57116451016636	2.559646666666667	2.485228	2.720424	2.473288	0.00439628	0.004773884080350399	0.019242452457547188	541	84	84	54	3.523588852624722	1.2000000476837158	2.5	2.5	2.5	37.3435	46.0251	296.7922	53.0	285382.0	17.0	1370.0	742.3823	2.087	1698.8826	9158.557	9643.0	95642.0	2508.0	12523.0	2736.6841	20.087176522356458
sub-01_task-conversation_run-02_bold	0.0026618214285714288	0.05959162267857143	0	59.731781640483014	1.1187726188372087	1.0245064378711994	0.4805	32568.6367	0.26238434281062595	329	58.75	2.5368920000000004	2.482384	2.685548	2.4427440000000002	0.00646563	0.0054105292074382305	0.01770029403269291	560	84	84	54	3.469756951987172	1.2000000476837158	2.5	2.5	2.5	36.8291	46.0136	299.874	53.0	285432.0	17.0	1384.0	736.7466	1.9847	1703.8813	9110.6224	9592.0	95592.0	2390.0	12511.0	2764.4443	21.000224474817514
sub-01_task-conversation_run-03_bold	0.0012319107142857145	0.06957760785714286	0	58.60451706826477	1.0544881089624334	0.9726791078890885	0.4818	31619.0371	0.2314890347606263	268	47.857142857142854	2.5607853333333335	2.49298	2.717652	2.471724	0.00435097	0.005983456503599882	0.017326418310403824	560	84	84	54	3.478153740082317	1.2000000476837158	2.5	2.5	2.5	32.9148	47.2156	300.4318	54.0	285037.0	17.0	1408.0	727.5226	1.9711	1707.7058	9088.3506	9582.0	95987.0	2367.0	12476.0	2754.8955	19.95051938155666
sub-11_task-conversation_run-01_bold	0.002969389179755673	0.05284241378708552	0	57.063594931538475	1.160534784143356	1.0239066122377625	0.5009	33974.4805	0.16652565679715958	154	26.8760907504363	2.3512413333333337	2.162292	2.561544	2.329888	0.00448401	0.0003922194882761687	0.020523007959127426	573	84	84	54	3.8825360570681404	1.2000000476837158	2.5	2.5	2.5	42.9191	48.5714	270.1055	52.0	276197.0	15.0	1147.0	674.9607	2.4667	1672.0756	9268.9948	9644.0	104827.0	3494.0	12367.0	2483.9316	22.568566920701414
sub-11_task-conversation_run-02_bold	0.002221608391608392	0.04467195909090909	1	58.39441669562176	1.1712698350963215	1.0238398878984236	0.5017	31501.6973	0.1730476221715604	176	30.76923076923077	2.309741333333333	2.131636	2.505848	2.29174	0.00654986	-0.00040907340007834136	0.021730219945311546	572	84	84	54	3.8801551375628205	1.2000000476837158	2.5	2.5	2.5	45.1234	51.3208	274.7895	54.0	276200.0	15.0	1173.0	682.7959	2.492	1670.5973	9233.435	9606.0	104824.0	3478.0	12327.0	2475.6624	24.052203772589564
sub-11_task-conversation_run-03_bold	0.0005761780104712043	0.039657489354275745	0	58.25447151884615	1.1659332458216787	1.0057542590734267	0.5022	30848.3887	0.14825483696698571	112	19.54624781849913	2.3205226666666667	2.146648	2.508412	2.306508	0.00524956	-0.0003209447313565761	0.022106794640421867	573	84	84	54	3.857254741518844	1.2000000476837158	2.5	2.5	2.5	45.5638	52.5767	277.4997	55.0	276003.0	15.0	1191.0	689.854	2.5067	1689.0097	9227.7182	9607.0	105021.0	3422.0	12340.0	2490.6196	25.330107351765037
sub-12_task-conversation_run-01_bold	0.00045616055846422327	0.04861978586387434	0	63.689614209283164	1.1520711096503515	0.9908098638286715	0.4781	26484.1914	0.17886588999909234	186	32.460732984293195	2.3423106666666667	2.248096	2.472904	2.305932	0.0047114	0.0063483575358986855	0.01250303816050291	573	84	84	54	3.615160917299722	1.2000000476837158	2.5	2.5	2.5	24.9729	52.2326	365.922	56.0	292440.0	15.0	1934.5	902.9707	2.0705	1620.928	8626.5497	9072.0	88584.0	2537.0	11670.0	2509.4177	21.93638289696537
sub-12_task-conversation_run-02_bold	0.0002525828970331588	0.03932609458987783	0	64.61657185968538	1.1636885096328673	0.9934983525699292	0.478	27086.8125	0.17362412709944353	191	33.333333333333336	2.3180053333333333	2.228672	2.440996	2.284348	0.00550072	0.005390402860939503	0.013989240862429142	573	84	84	54	3.588219684350985	1.2000000476837158	2.5	2.5	2.5	26.1077	51.1718	364.2411	55.0	292290.0	15.0	1908.0	894.75	2.1049	1649.8322	8639.2837	9076.0	88734.0	2522.0	11728.0	2529.3738	23.88862291944679
sub-12_task-conversation_run-03_bold	0.0003774520069808027	0.03863240104712042	0	64.984534990542	1.173043897080421	1.0025114822902097	0.4786	26435.6387	0.18047380083893164	207	36.12565445026178	2.350470666666667	2.267344	2.479356	2.304712	0.00704867	0.006448534317314625	0.014613592065870762	573	84	84	54	3.520050317534039	1.2000000476837158	2.5	2.5	2.5	25.8386	52.5121	365.503	56.0	291817.0	15.0	1907.0	895.751	1.9954	1650.9948	8600.1139	9068.0	89207.0	2327.0	11718.0	2576.0851	23.85941842244938
sub-13_task-conversation_run-01_bold	0.0009045375218150087	0.05512393647469459	0	59.89029728945807	1.083922471678322	1.0013043451923076	0.509	16181.6807	0.22180947503946222	266	46.42233856893543	2.4205893333333335	2.3153960000000002	2.572268	2.374104	0.00430128	0.008486451581120491	0.01581611856818199	573	84	84	54	3.819995021557228	1.2000000476837158	2.5	2.5	2.5	26.1991	70.9708	358.1949	71.0	279068.0	16.0	1718.0	835.9559	2.6122	1549.7732	8647.4879	9094.0	101956.0	2859.0	11431.0	2380.6197	21.345624766196124
sub-13_task-conversation_run-02_bold	0.0010710994764397905	0.04434171047120419	0	60.58503048211538	1.1160447606818176	1.0152925023601391	0.5085	15883.3955	0.18942060319102308	213	37.17277486910995	2.3757466666666667	2.284328	2.5219560000000003	2.320956	0.00431947	0.00938916951417923	0.016124248504638672	573	84	84	54	3.788647508950164	1.2000000476837158	2.5	2.5	2.5	25.2626	72.2516	360.0775	72.0	279345.0	16.0	1728.0	832.6019	2.5455	1555.2939	8653.0999	9108.0	101679.0	2803.0	11463.0	2404.0123	22.877061889972538
sub-13_task-conversation_run-03_bold	0.0004198429319371728	0.046330339790575915	0	61.268883064790224	1.0996413333916086	0.9982136114335668	0.5082	16126.2285	0.18884596839494167	211	36.82373472949389	2.3943226666666666	2.3002	2.541856	2.3409120000000003	0.00452578	0.010226281359791756	0.01614050194621086	573	84	84	54	3.7784377273432015	1.2000000476837158	2.5	2.5	2.5	25.4234	72.2982	360.3068	72.0	279470.0	16.0	1745.0	831.8757	2.5621	1545.6273	8641.0307	9101.0	101554.0	2764.0	11443.0	2408.6556	22.569796103518456
sub-14_task-conversation_run-01_bold	0.002862111692844677	0.07932447190226875	0	59.33023689519222	1.088901438951048	1.0182748531643353	0.4934	21358.7188	0.21791236965492022	242	42.23385689354276	2.5028413333333335	2.311188	2.7138	2.483536	0.00340279	0.015355153940618038	0.012129031121730804	573	84	84	54	3.788536020937556	1.2000000476837158	2.5	2.5	2.5	26.5149	68.0445	375.8986	68.0	284510.0	16.0	1761.0	961.664	2.4367	1608.053	9438.9453	9933.0	96514.0	3005.0	12550.0	2621.8435	18.380448013544083
sub-14_task-conversation_run-02_bold	0.0002813089005235602	0.06990212966841186	0	58.11283730465035	1.041315873216784	0.955609565349651	0.491	22469.0117	0.1885161637813337	207	36.12565445026178	2.4918919999999996	2.312128	2.672948	2.4905999999999997	0.00340504	0.01637190952897072	0.013519257307052612	573	84	84	54	3.771603210677558	1.2000000476837158	2.5	2.5	2.5	27.0195	65.501	368.6264	66.0	285089.0	16.0	1719.0	946.8401	2.3507	1624.544	9442.6578	9943.0	95935.0	2992.0	12596.0	2636.2657	19.994580428348854
sub-14_task-conversation_run-03_bold	0.0029433158813263528	0.0763639895287958	0	57.646949861276156	1.0740681033741264	1.0086072151923073	0.4881	25101.1738	0.19883083498338175	223	38.917975567190226	2.453792	2.24894	2.640384	2.472052	0.00452331	0.01807262748479843	0.015110244043171406	573	84	84	54	3.9396867847498136	1.2000000476837158	2.5	2.5	2.5	27.731	61.4284	359.0444	63.0	286523.0	16.0	1624.0	925.9598	2.5339	1576.6823	9512.1329	9953.0	94501.0	3387.0	12567.0	2526.3296	19.686914220219478
sub-15_task-conversation_run-01_bold	0.005381413612565444	0.137251497556719	0	82.67480793519226	1.0663342901573427	1.0002382467482531	0.442	42756.1719	0.7595174265822071	453	79.05759162303664	2.942182666666667	2.765728	3.1434640000000003	2.917356	0.0104644	0.0022916404996067286	0.022624367848038673	573	84	84	54	3.477358249732067	1.2000000476837158	2.5	2.5	2.5	46.8361	36.1517	236.6247	43.0	298418.0	14.0	983.0	677.4214	1.6777	1499.4813	8292.3765	8969.5	82606.0	1919.0	11103.0	2579.385	14.210878482554108
sub-15_task-conversation_run-02_bold	0.003938760907504363	0.1330892272251309	0	76.78142785697548	1.0422809980769228	0.983846408356643	0.4364	48931.6367	0.6392767427372569	441	76.96335078534031	2.8561039999999998	2.66526	3.088728	2.814324	0.00605488	0.0039040453266352415	0.022646727040410042	573	84	84	54	3.5759345914607197	1.2000000476837158	2.5	2.5	2.5	52.4645	33.3754	225.0104	41.0	300236.0	14.0	911.0	658.5632	1.9241	1465.7814	8381.7228	9007.0	80788.0	2151.0	11150.0	2518.7665	14.914312664419413
sub-15_task-conversation_run-03_bold	0.00347043630017452	0.11259937190226875	0	75.90951192608394	1.0744162770629373	0.9949723403321676	0.4341	49995.2461	0.6144953481387063	441	76.96335078534031	2.807313333333333	2.642804	3.063052	2.716084	0.00521117	0.00538387056440115	0.022633586078882217	573	84	84	54	3.4987612474106635	1.2000000476837158	2.5	2.5	2.5	51.268	32.1153	221.181	40.0	300445.0	14.0	859.0	658.0745	1.8122	1492.52	8365.2367	9012.0	80579.0	1973.0	11192.0	2575.7528	15.925136152713094
sub-16_task-conversation_run-01_bold	0.0007068062827225132	0.04375356736474695	0	57.97503301999999	1.1260705270454545	1.0050969518531476	0.5174	17261.4023	0.14145310324212076	120	20.94240837696335	2.420448	2.294944	2.582176	2.384224	0.0107865	0.009935093112289906	0.024619698524475098	573	84	84	54	3.8193150539523217	1.2000000476837158	2.5	2.5	2.5	34.1101	76.5675	376.7775	72.0	275050.0	14.0	1820.0	898.9128	2.419	1701.5271	9074.6842	9463.0	105974.0	3368.0	12156.0	2477.6577	22.81952032505069
sub-16_task-conversation_run-02_bold	0.000523804537521815	0.03363040506108203	0	54.91474388358389	1.1208525115034953	1.0098396939685323	0.5175	20464.3672	0.09901361898728077	36	6.282722513089006	2.3621426666666667	2.248348	2.52144	2.31664	0.0109761	0.012785831466317177	0.024494074285030365	573	84	84	54	3.887000764473707	1.2000000476837158	2.5	2.5	2.5	34.7308	68.5309	373.1794	66.0	274784.0	14.0	1825.0	904.335	2.7086	1647.3911	9119.0679	9502.0	106240.0	3493.0	12111.0	2444.5468	26.12461510580033
sub-16_task-conversation_run-03_bold	0.002143709677419355	0.04952434731182794	0	55.20783460459461	1.0986045804324325	1.009202366972972	0.5201	17420.2012	0.12666909353708647	31	16.666666666666668	2.3132786666666667	2.193384	2.460912	2.28554	0.00697475	0.010609177872538567	0.023176556453108788	186	84	84	54	4.052473470683284	1.2000000476837158	2.5	2.5	2.5	32.661	76.3142	386.6309	72.0	275323.0	15.0	1864.0	914.6341	2.7264	1630.2486	9140.9015	9469.0	105701.0	3971.0	12076.0	2336.5866	22.589360953541473
sub-18_task-conversation_run-01_bold	0.0003827923211169284	0.04497832129144852	0	59.87174391571678	1.1303810302272732	0.9940490191083925	0.508	18807.9023	0.15120552201787033	136	23.7347294938918	2.3786893333333334	2.268096	2.5575959999999998	2.310376	0.0149591	0.004589556250721216	0.031019382178783417	573	84	84	54	3.740108171575865	1.2000000476837158	2.5	2.5	2.5	35.2893	73.8351	366.521	70.0	278365.0	15.0	1712.0	882.9061	2.3808	1709.2956	9126.0061	9538.0	102659.0	2978.0	12252.0	2550.1812	22.861701478483155
sub-18_task-conversation_run-02_bold	0.0002705410122164049	0.043773684991273994	0	60.79277722809437	1.1262515580944052	0.9905075104720289	0.5089	17748.8047	0.15923726512479275	152	26.527050610820243	2.365774666666667	2.261596	2.542776	2.292952	0.00939898	0.0038313763216137886	0.03130970522761345	573	84	84	54	3.7418454058629407	1.2000000476837158	2.5	2.5	2.5	37.2922	75.2375	371.7152	71.0	278375.0	15.0	1747.0	892.6081	2.3747	1701.1861	9075.4015	9501.0	102649.0	2934.0	12198.0	2539.1091	23.20264641311951
sub-18_task-conversation_run-03_bold	0.0005315357766143107	0.041871824258289704	0	61.33769383479018	1.1426317614335668	1.0052624674300707	0.5094	17526.3418	0.1639615840179111	166	28.970331588132634	2.3559293333333335	2.247312	2.532924	2.2875520000000003	0.0110652	0.0038285977207124233	0.03192530572414398	573	84	84	54	3.735516215941822	1.2000000476837158	2.5	2.5	2.5	36.5292	76.4588	375.4144	72.0	278377.0	15.0	1766.0	898.0902	2.3693	1707.1426	9057.2397	9477.0	102647.0	2950.0	12177.0	2536.9864	23.582836822606623
sub-19_task-conversation_run-01_bold	0.002200593368237347	0.056067179232111686	0	60.00866775884612	1.1265798552972028	1.0131215006118885	0.4975	29067.8477	0.24786747825465538	259	45.20069808027923	2.3420973333333333	2.27006	2.463672	2.29256	0.00649198	0.007212912198156118	0.021100550889968872	573	84	84	54	3.699581301302932	1.2000000476837158	2.5	2.5	2.5	25.7068	51.8393	355.7437	55.0	282382.0	15.0	1870.0	880.5514	2.0694	1730.9475	8987.6524	9373.0	98642.0	3016.0	12235.0	2533.5171	20.35193566326052
sub-19_task-conversation_run-02_bold	0.002837085514834206	0.06633772670157069	0	61.24672054113636	1.0989380951748242	1.007239760944057	0.4977	28441.1582	0.29300490546796065	350	61.082024432809774	2.3562653333333334	2.26228	2.478524	2.327992	0.00668494	0.006877906154841185	0.02093207649886608	573	84	84	54	3.7284851448890812	1.2000000476837158	2.5	2.5	2.5	25.8089	51.9661	355.2652	55.0	282672.0	15.0	1861.0	867.704	2.0934	1695.1359	8946.045	9321.0	98352.0	3061.0	12154.0	2499.9302	18.983859574771486
sub-19_task-conversation_run-03_bold	0.0031254624781849915	0.05098451029668412	0	61.00561169302445	1.144305734265734	1.0381617084615393	0.498	27764.7461	0.2776695773915247	351	61.2565445026178	2.3340133333333335	2.251596	2.44698	2.303464	0.00838221	0.006953852251172066	0.021433040499687195	573	84	84	54	3.646227619605958	1.2000000476837158	2.5	2.5	2.5	25.9221	53.1667	356.8891	56.0	282273.0	15.0	1870.0	870.2716	1.9657	1735.7956	8908.4981	9302.0	98751.0	2881.0	12159.0	2551.1169	21.116833289852366
sub-20_task-conversation_run-01_bold	0.00045738219895287955	0.04041028202443281	0	64.75268093201049	1.2333928231992997	0.9982667393006994	0.4657	34522.1016	0.1835000475260544	173	30.19197207678883	2.309246666666667	2.2883400000000003	2.431788	2.207612	0.00279015	0.0014506111619994044	0.012335684150457382	573	84	84	54	3.796040131861805	1.2000000476837158	2.5	2.5	2.5	46.921	49.3683	274.7763	54.0	290727.0	15.0	1191.0	741.709	2.4701	1740.5417	9572.7252	10019.0	90297.0	3327.0	12788.0	2639.3147	25.3404324199073
sub-20_task-conversation_run-02_bold	0.0004119371727748691	0.041244912565445026	0	64.84852772162587	1.200527117779719	0.9944047359090915	0.4667	33459.1602	0.21673994492563758	273	47.64397905759162	2.3303480000000003	2.3054200000000002	2.445984	2.23964	0.00276393	0.001818748889490962	0.011423584073781967	573	84	84	54	3.769811239814146	1.2000000476837158	2.5	2.5	2.5	48.4783	49.6465	277.7938	54.0	290482.0	15.0	1210.0	745.2477	2.4395	1739.8547	9512.84	9963.0	90542.0	3272.0	12731.0	2642.8233	24.82308543752879
sub-20_task-conversation_run-03_bold	0.0002835664335664336	0.03940689125874126	1	64.9805074180035	1.2009503804903678	0.99240783614711	0.4677	31864.1816	0.22140564038266144	275	48.07692307692308	2.3271266666666666	2.306016	2.440856	2.234508	0.00336445	0.0018608196405693889	0.011284525506198406	572	84	84	54	3.7641983994943655	1.2000000476837158	2.5	2.5	2.5	48.1435	52.1477	283.7575	56.0	290473.0	15.0	1243.0	757.4563	2.4757	1738.7941	9495.5617	9942.0	90551.0	3262.0	12716.0	2641.1852	25.27943086065352
sub-21_task-conversation_run-01_bold	0.00291565445026178	0.12236905008726003	0	60.95488828384618	1.0723663080769235	0.9895701817132851	0.5013	36020.0703	0.3847165045079767	427	74.52006980802793	2.4414533333333335	2.3206160000000002	2.6000240000000003	2.40372	0.0062011	-0.0014535854570567608	0.02025960013270378	573	84	84	54	4.326321198747349	1.2000000476837158	2.5	2.5	2.5	44.6825	45.1405	345.8431	54.0	279513.0	17.0	1777.0	991.5818	3.37	1549.8449	9877.4797	10241.0	101511.0	4446.0	12778.0	2367.1265	16.845127962122206
sub-21_task-conversation_run-02_bold	0.002406212914485166	0.0891969364746946	0	64.33891976625875	1.102723976398601	1.0012104508041964	0.5002	36017.9297	0.44908763328682494	466	81.32635253054102	2.3389919999999997	2.282608	2.477912	2.256456	0.00661241	-0.0019226312870159745	0.01905624195933342	573	84	84	54	4.224595417038891	1.2000000476837158	2.5	2.5	2.5	46.9417	44.9981	346.7697	54.0	279696.0	17.0	1741.0	1007.3801	3.226	1590.1785	9845.1139	10216.0	101328.0	4252.0	12812.0	2418.2078	19.101374788559042
sub-21_task-conversation_run-03_bold	0.001386048951048951	0.08298152534965035	1	60.71701528145353	1.0820850619264453	0.9763166099649736	0.5006	35558.668	0.33898444026655133	361	63.11188811188811	2.3336266666666665	2.27304	2.478648	2.249192	0.00419691	-0.001694096950814128	0.019001396372914314	572	84	84	54	4.165005174087464	1.2000000476837158	2.5	2.5	2.5	45.5903	45.025	350.3341	54.0	279540.0	17.0	1779.0	1014.8679	3.247	1598.6441	9821.6924	10197.0	101484.0	4141.0	12820.0	2448.2442	19.946898397931363
sub-22_task-conversation_run-01_bold	0.0015859511343804538	0.06032999738219895	0	58.8536237504196	1.1340715936713288	1.0000538349125871	0.4627	40034.1758	0.212820880029685	272	47.4694589877836	2.5890999999999997	2.53632	2.741104	2.4898759999999998	0.00515331	0.002003272995352745	0.014532986097037792	573	84	84	54	3.561335549037315	1.2000000476837158	2.5	2.5	2.5	36.2662	39.9837	275.7541	46.0	292368.0	14.0	1260.0	738.6564	2.0007	1598.6419	8702.4993	9232.0	88656.0	2349.0	11755.0	2592.2713	21.056834976305254
sub-22_task-conversation_run-02_bold	0.002781064572425829	0.05532709790575917	0	59.89057778295459	1.1455096605594408	1.0207491813111893	0.4637	39455.5938	0.22798246157761468	323	56.36998254799302	2.5713053333333336	2.50948	2.728284	2.476152	0.00429123	0.002265371149405837	0.013024384155869484	573	84	84	54	3.568329479423324	1.2000000476837158	2.5	2.5	2.5	36.8367	39.7974	279.2155	46.0	292193.0	14.0	1294.0	751.3585	1.9771	1610.1574	8699.2231	9211.0	88831.0	2386.0	11772.0	2581.3054	21.766915909945965
sub-22_task-conversation_run-03_bold	0.0012230541012216403	0.04529974467713787	0	59.30004270601398	1.1555282425524478	1.0160167958391608	0.4641	36931.8438	0.2210097779682639	276	48.167539267015705	2.5393546666666666	2.4774439999999998	2.71406	2.42656	0.00557262	0.0014625585172325373	0.013634521514177322	573	84	84	54	3.5236291390193486	1.2000000476837158	2.5	2.5	2.5	36.2899	42.2839	281.5623	48.0	291989.0	14.0	1299.0	755.0258	1.9452	1621.185	8669.9912	9201.0	89035.0	2240.0	11753.0	2611.2136	23.33723489928525
sub-23_task-conversation_run-01_bold	0.0004294589877835952	0.046142369284467716	0	61.5835460849126	1.1029190566433573	0.9941413426223786	0.5172	15354.8887	0.15503886503771822	145	25.305410122164048	2.2394666666666665	2.0949	2.4525040000000002	2.1709959999999997	0.00473926	0.0036421881522983313	0.022413840517401695	573	84	84	54	3.8083214921138073	1.2000000476837158	2.5	2.5	2.5	37.8614	79.2067	369.368	77.0	274500.0	18.0	1651.0	909.9925	2.2382	1692.2985	9094.7164	9483.0	106524.0	3215.0	12242.0	2490.0617	21.991120199672878
sub-23_task-conversation_run-02_bold	0.0006849563699825479	0.04940661954624782	0	62.24464686592662	1.1046147370454538	0.9982907271853164	0.5181	14710.8721	0.15347152850787116	122	21.291448516579408	2.2499933333333333	2.118792	2.44604	2.185148	0.00330392	0.003855837509036064	0.022224867716431618	573	84	84	54	3.8116491357406264	1.2000000476837158	2.5	2.5	2.5	37.409	80.6013	373.9425	78.0	274491.0	18.0	1689.0	911.8154	2.2178	1698.8421	9086.4343	9471.0	106533.0	3212.0	12226.0	2484.7396	21.409435266978107
sub-23_task-conversation_run-03_bold	0.00015108202443280975	0.04800036666666667	0	62.410288864021005	1.0876020142482514	0.9773656876223765	0.519	14067.8477	0.1615773572326544	151	26.352530541012218	2.235508	2.092796	2.453792	2.159936	0.00371297	0.003271289635449648	0.022600844502449036	573	84	84	54	3.804365479305665	1.2000000476837158	2.5	2.5	2.5	35.845	83.4475	374.7587	80.0	274302.0	18.0	1697.0	891.343	2.2616	1697.9379	9058.2878	9453.0	106722.0	3211.0	12163.0	2484.7654	21.620631718542427
sub-24_task-conversation_run-01_bold	0.005263280977312393	0.07422863403141361	0	62.44433175601399	1.1460796868181817	1.046431437937063	0.4677	36514.9102	0.3143382905882213	368	64.22338568935427	2.485298666666667	2.389592	2.600372	2.465932	0.0045178	-0.0008606469491496682	0.016842592507600784	573	84	84	54	3.7647199632388815	1.2000000476837158	2.5	2.5	2.5	38.9219	45.601	275.9246	50.0	290999.0	14.0	1240.0	696.4076	2.1805	1653.5315	9030.3478	9529.0	90025.0	2886.0	11955.0	2531.1171	19.689930584281683
sub-24_task-conversation_run-02_bold	0.00056521815008726	0.0465383040139616	0	61.86443879045452	1.1153491173426568	0.9990546564510482	0.4677	37215.8984	0.28195442279231886	358	62.478184991274	2.4071079999999996	2.3373999999999997	2.530504	2.35342	0.00792428	-0.0005554304807446897	0.016961168497800827	573	84	84	54	3.6703997693461	1.2000000476837158	2.5	2.5	2.5	37.2904	44.2555	277.9923	49.0	290716.0	14.0	1258.0	714.2909	2.1308	1690.7819	8959.5703	9463.0	90308.0	2716.0	11953.0	2578.179	23.019310423522256
sub-24_task-conversation_run-03_bold	0.0003784293193717277	0.04198153246073299	0	57.88562936066435	1.0960242631818178	0.9973297975174821	0.4683	35778.4531	0.23427898658400453	282	49.21465968586387	2.385664	2.3137	2.51142	2.3318719999999997	0.006388	0.0002490664192009717	0.016250304877758026	573	84	84	54	3.694443238230091	1.2000000476837158	2.5	2.5	2.5	38.6129	45.4173	282.757	50.0	290850.0	14.0	1296.0	720.7984	2.1775	1700.7757	8991.2781	9490.0	90174.0	2748.0	11977.0	2568.7084	24.247129984083585
sub-25_task-conversation_run-01_bold	0.0011067713787085514	0.04706732460732985	0	61.8872352481644	1.1763870958391605	1.010742291905593	0.4709	18045.6191	0.22287523418866573	275	47.99301919720768	2.599976	2.534624	2.752112	2.513192	0.00589569	0.014508066698908806	-0.001960927154868841	573	84	84	54	3.4742544557890573	1.2000000476837158	2.5	2.5	2.5	23.5897	73.033	334.6537	70.0	292482.0	15.0	1612.0	826.9391	1.8652	1697.4463	8801.1133	9391.0	88542.0	2147.0	11929.0	2703.0107	22.393800675636157
sub-25_task-conversation_run-02_bold	0.00043766143106457243	0.03877322303664922	0	62.4617860166783	1.1753468343356632	1.0043683981818188	0.4708	18773.7773	0.2120367395352167	257	44.85165794066317	2.5737600000000005	2.50902	2.7182120000000003	2.4940480000000003	0.00994648	0.014525635167956352	-0.0014988071052357554	573	84	84	54	3.4357858313863603	1.2000000476837158	2.5	2.5	2.5	23.8757	70.5879	334.4209	68.0	292295.0	15.0	1596.0	829.1109	1.8111	1703.2045	8765.7849	9363.0	88729.0	2030.0	11906.0	2725.1254	24.175749006913975
sub-25_task-conversation_run-03_bold	0.0013394589877835953	0.04303158865619546	0	61.25283416674827	1.1696131208741252	1.0170424821503492	0.4692	19449.041	0.2272537718606088	272	47.4694589877836	2.516925333333333	2.450732	2.6521719999999998	2.447872	0.00832336	0.015869254246354103	-0.0009427892509847879	573	84	84	54	3.5197546002782127	1.2000000476837158	2.5	2.5	2.5	24.4497	69.2192	329.7147	67.0	293040.0	15.0	1527.0	822.6208	1.8966	1688.6412	8829.1287	9405.0	87984.0	2261.0	11934.0	2672.0461	23.126786546898074
sub-26_task-conversation_run-01_bold	0.0028220593368237343	0.06251743054101222	0	62.50653556342653	1.1257481318006999	0.9921505041783224	0.4832	27788.0664	0.3285976686136849	417	72.77486910994764	2.472464	2.4208	2.524508	2.4720839999999997	0.00689038	0.009215557016432285	0.015263079665601254	573	84	84	54	3.753096171483529	1.2000000476837158	2.5	2.5	2.5	37.0391	58.1372	359.5933	59.0	287563.0	15.0	1649.0	987.1214	2.0665	1923.6938	9504.9445	9854.0	93461.0	3435.0	12908.0	2625.5515	19.304129901109263
sub-26_task-conversation_run-02_bold	0.0029674520069808033	0.044614369982547995	0	61.220948326101485	1.1870395214860139	1.038981904265734	0.4806	30839.7559	0.28819536852079386	377	65.79406631762653	2.3988346666666662	2.37954	2.459364	2.3576	0.00345822	0.010704264044761658	0.01665574498474598	573	84	84	54	3.7307391783632586	1.2000000476837158	2.5	2.5	2.5	39.67	54.3284	350.5544	56.0	287990.0	15.0	1593.0	975.6062	2.1358	1933.4697	9538.1273	9889.0	93034.0	3394.0	12960.0	2650.6669	21.764607467281166
sub-26_task-conversation_run-03_bold	0.0015132460732984292	0.06366890436300175	0	63.742104023461536	1.150521631923077	0.998239075227274	0.4798	31194.4746	0.33943923783287844	433	75.5671902268761	2.435068	2.404388	2.489372	2.411444	0.00331659	0.011886154301464558	0.017032939940690994	573	84	84	54	3.8006459141222635	1.2000000476837158	2.5	2.5	2.5	40.2248	54.2068	348.1222	56.0	288520.0	15.0	1583.0	960.7705	2.2411	1884.7675	9561.3009	9907.0	92504.0	3546.0	12922.0	2606.6481	19.40215042512864
sub-27_task-conversation_run-01_bold	0.0008211343804537521	0.06262724746945898	0	53.89424131316438	1.0835714444930071	0.9894063224825199	0.4521	41134.4609	0.2027956635516972	238	41.53577661431065	2.447664	2.356804	2.6301200000000002	2.356068	0.00340934	-0.0037232639733701944	0.01595577970147133	573	84	84	54	3.7058887651482944	1.2000000476837158	2.5	2.5	2.5	39.801	43.8545	255.7712	49.0	295316.0	14.0	1110.0	670.5171	2.354	1617.4959	9395.3613	9906.0	85708.0	2785.0	12535.0	2673.0274	22.059733332891483
sub-27_task-conversation_run-02_bold	0.0015323385689354273	0.05791803089005237	0	54.11900057493005	1.0992625384790216	1.0118615347377609	0.453	39294.9297	0.2270876900632021	282	49.21465968586387	2.422041333333333	2.351804	2.584436	2.329884	0.00442769	-0.0038090036250650883	0.01623682864010334	573	84	84	54	3.7091486883164495	1.2000000476837158	2.5	2.5	2.5	39.6056	45.3707	263.7331	50.0	295476.0	14.0	1144.0	686.5892	2.3553	1626.778	9409.4416	9915.0	85548.0	2860.0	12559.0	2673.1045	22.789985883806366
sub-27_task-conversation_run-03_bold	0.003265165794066318	0.06845704938917975	0	53.25374023722032	1.1139341849125883	1.0347308658916088	0.4538	38525.8945	0.21538715219287968	265	46.2478184991274	2.4551293333333333	2.376404	2.5998840000000003	2.3891	0.00443226	-0.0038975304923951626	0.015425651334226131	573	84	84	54	3.736186841155497	1.2000000476837158	2.5	2.5	2.5	37.3737	45.5001	267.9571	50.0	295649.0	14.0	1181.0	685.7648	2.4117	1607.8633	9406.7204	9902.0	85375.0	2912.0	12536.0	2650.2802	21.384262636536732
sub-28_task-conversation_run-01_bold	0.0033604537521815005	0.06249963106457243	0	67.80879987062939	1.0916606683566434	1.0040963316608396	0.4969	30373.252	0.39095313514413643	402	70.15706806282722	2.381732	2.259452	2.582684	2.30306	0.00832942	0.009732596576213837	0.02184559777379036	573	84	84	54	3.7963263299221417	1.2000000476837158	2.5	2.5	2.5	27.9832	51.4512	305.7617	53.0	280000.0	13.0	1422.0	799.6454	2.2472	1667.1978	8842.2048	9274.0	101024.0	3060.0	11817.0	2442.8759	19.412604839424603
sub-28_task-conversation_run-02_bold	0.0045934554973821986	0.0648775167539267	0	68.65756716433565	1.1074828030769237	1.0285557453146847	0.4969	29707.8223	0.44573823978575683	416	72.60034904013962	2.3597853333333334	2.2433520000000002	2.553548	2.2824560000000003	0.00808207	0.010203815996646881	0.021494997665286064	573	84	84	54	3.8015433049945644	1.2000000476837158	2.5	2.5	2.5	27.5446	53.027	306.5605	54.0	280173.0	13.0	1419.0	797.911	2.2361	1657.1815	8828.8503	9255.0	100851.0	3052.0	11799.0	2434.5255	19.009307593747508
sub-28_task-conversation_run-03_bold	0.004411431064572426	0.08021313455497382	0	74.18211987606654	1.1037346093531473	1.0260078618881134	0.4973	30383.0391	0.5130364577736662	444	77.4869109947644	2.412888	2.288912	2.6045480000000003	2.345204	0.00982349	0.010123224928975105	0.021737830713391304	573	84	84	54	3.861371717417402	1.2000000476837158	2.5	2.5	2.5	27.3876	51.446	308.0633	53.0	280378.0	13.0	1421.0	797.9066	2.3081	1624.6801	8821.552	9241.0	100646.0	3189.0	11740.0	2393.1791	17.405657336348668
sub-29_task-conversation_run-01_bold	0.0022816753926701567	0.0714156589877836	0	66.0047533062762	1.0831107878846162	1.0103649370804195	0.4784	26598.3145	0.4241466538584104	439	76.61431064572426	2.622636	2.6019639999999997	2.796204	2.46974	0.00483486	0.002823985880240798	0.009410367347300053	573	84	84	54	3.5165284222355364	1.2000000476837158	2.5	2.5	2.5	33.6237	52.6285	287.7778	56.0	286847.0	15.0	1297.0	719.5977	1.9603	1550.4161	8491.3674	9064.0	94177.0	2062.0	11425.0	2577.5284	19.388409052044153
sub-29_task-conversation_run-02_bold	0.003448411867364747	0.07285904205933683	0	69.3683610995804	1.1065914961363643	1.0385042440909085	0.479	25596.2598	0.5354841677420841	492	85.86387434554973	2.6107626666666666	2.6021159999999997	2.768476	2.461696	0.00446028	0.0022764753084629774	0.009796865284442902	573	84	84	54	3.5357257846486747	1.2000000476837158	2.5	2.5	2.5	34.866	53.8498	287.5727	57.0	286831.0	15.0	1305.0	707.236	1.9769	1563.0826	8494.3017	9052.0	94193.0	2139.0	11420.0	2560.1397	18.951173522509634
sub-29_task-conversation_run-03_bold	0.001990069808027923	0.08668340558464224	0	67.3020315972378	1.0624196776223773	0.9940774759615394	0.4812	23955.7109	0.4622454795147171	486	84.81675392670157	2.6547853333333333	2.663232	2.822552	2.478572	0.00431872	0.0019567988347262144	0.008707794360816479	573	84	84	54	3.540619327420023	1.2000000476837158	2.5	2.5	2.5	32.2363	56.52	300.4053	59.0	286703.0	15.0	1383.0	729.4405	2.0146	1521.4264	8514.6148	9086.0	94321.0	2078.0	11420.0	2566.2041	17.976420032267924
sub-30_task-conversation_run-01_bold	0.0033471902268760907	0.1266347842931937	0	61.08110339152099	1.0501584886188822	0.9723659615034966	0.4958	26984.5703	0.3484532423076836	342	59.68586387434555	2.57788	2.444644	2.6364840000000003	2.652512	0.00382475	0.008224200457334518	0.017163436859846115	573	84	84	54	4.0232702222536965	1.2000000476837158	2.5	2.5	2.5	28.7541	57.0685	327.0369	57.0	283423.0	14.0	1564.0	765.9451	2.7294	1530.4668	8962.2522	9346.0	97601.0	3513.0	11797.0	2322.974	16.18104915646836
sub-30_task-conversation_run-02_bold	0.007010924956369983	0.09533556265270507	0	62.264135700891615	1.132449144580419	1.0662602485139854	0.4968	24836.0996	0.4048461840716645	435	75.91623036649214	2.462750666666667	2.33882	2.5772760000000003	2.472156	0.00308639	0.0069601163268089294	0.01710338704288006	573	84	84	54	3.9260114659469134	1.2000000476837158	2.5	2.5	2.5	27.7231	59.4128	334.1266	59.0	283182.0	14.0	1606.0	772.9516	2.5775	1568.7951	8939.5706	9329.0	97842.0	3342.0	11865.0	2376.1908	17.884430450067157
sub-30_task-conversation_run-03_bold	0.0014872774869109948	0.06968388603839441	0	64.17758894286709	1.1080736215034968	0.9977950225349652	0.4978	23363.3926	0.42309116767447685	437	76.26527050610821	2.4056960000000003	2.305988	2.54798	2.36312	0.00441192	0.005178400315344334	0.01740027219057083	573	84	84	54	3.78379607285525	1.2000000476837158	2.5	2.5	2.5	28.0985	61.9122	341.1617	61.0	282656.0	14.0	1651.0	785.332	2.3766	1621.3464	8889.8712	9298.0	98368.0	2994.0	11910.0	2457.3081	19.788755943067372
sub-31_task-conversation_run-01_bold	0.0012343979057591623	0.05906604886561955	0	55.08276860676572	1.0667391801573425	0.9880167499825179	0.4627	32885.1445	0.2316789138042691	288	50.261780104712045	2.6576653333333335	2.5782920000000003	2.855564	2.53914	0.00637034	0.001074098632670939	0.016975700855255127	573	84	84	54	3.6136099453102166	1.2000000476837158	2.5	2.5	2.5	31.7448	49.9919	310.6949	54.0	294220.0	15.0	1541.0	764.8383	2.1578	1660.8612	9311.8222	9867.0	86804.0	2579.0	12445.0	2730.4948	21.65039489470655
sub-31_task-conversation_run-02_bold	0.0012870331588132637	0.046418598254799305	0	56.932350218513946	1.1186756193531466	1.021439632342658	0.4635	32075.084	0.2252174538183473	279	48.69109947643979	2.5988773333333337	2.5209040000000003	2.80122	2.474508	0.0064916	0.0009056354756467044	0.01675250008702278	573	84	84	54	3.5553946267646497	1.2000000476837158	2.5	2.5	2.5	31.5321	51.283	312.5483	55.0	293896.0	15.0	1563.0	765.5157	2.0191	1678.3187	9232.028	9801.0	87128.0	2446.0	12404.0	2756.6402	23.38090389035642
sub-31_task-conversation_run-03_bold	0.001031064572425829	0.04686699022687609	0	57.93595845534968	1.1095241575524482	1.0116657527622381	0.4634	31486.7129	0.23071234081002756	267	46.596858638743456	2.5740466666666664	2.50276	2.766836	2.452544	0.00700832	0.0013118094066157937	0.01681465283036232	573	84	84	54	3.5815890234626733	1.2000000476837158	2.5	2.5	2.5	32.0063	51.4874	313.0345	55.0	294178.0	15.0	1569.0	764.8573	2.0534	1664.6908	9214.2742	9772.0	86846.0	2517.0	12364.0	2728.3822	23.308083217707463
sub-32_task-conversation_run-01_bold	0.001663071553228621	0.08110161815008726	0	65.6557037313986	1.1434304347552444	0.9718658377622376	0.4829	32490.7539	0.2678955596811068	348	60.73298429319372	2.5331	2.353136	2.677496	2.5686679999999997	0.00425389	-0.004518867004662752	0.018817653879523277	573	84	84	54	4.035574594924758	1.2000000476837158	2.5	2.5	2.5	49.1755	49.5494	259.7274	53.0	284416.0	14.0	1140.0	652.6233	2.7791	1551.1755	9126.4735	9500.0	96608.0	3650.0	12051.0	2354.0516	19.733479654300027
sub-32_task-conversation_run-02_bold	0.0020972774869109953	0.07929340314136127	0	66.2742471764336	1.168305624895104	0.9841020346678319	0.4844	30897.4961	0.278174989036666	383	66.8411867364747	2.523888	2.3709599999999997	2.722852	2.477852	0.00371005	-0.004875327460467815	0.017726518213748932	573	84	84	54	3.975759961216288	1.2000000476837158	2.5	2.5	2.5	44.1743	51.045	266.9905	54.0	284109.0	15.0	1181.0	658.886	2.7343	1547.175	9110.8405	9498.0	96915.0	3457.0	12066.0	2388.9649	19.72189795912709
sub-32_task-conversation_run-03_bold	0.0005076614310645723	0.05972933769633508	0	64.7262476206293	1.1741380050699302	0.9799044134440564	0.4841	30028.4551	0.20623790024057193	243	42.40837696335078	2.482813333333333	2.311684	2.652896	2.48386	0.00363069	-0.004034440964460373	0.018602561205625534	573	84	84	54	3.940081174982147	1.2000000476837158	2.5	2.5	2.5	47.4649	52.2999	263.9609	55.0	283961.0	15.0	1150.0	652.0163	2.7355	1599.4614	9077.9154	9471.0	97063.0	3406.0	12025.0	2403.7452	21.865180863067508
sub-33_task-conversation_run-01_bold	0.0017859685863874347	0.05600859336823734	0	63.607789459667856	1.0911308170104879	1.0119751509790205	0.5186	14619.2285	0.2658027115146451	320	55.846422338568935	2.435549333333333	2.333752	2.585076	2.38782	0.00828638	0.015253100544214249	0.011187491938471794	573	84	84	54	3.6113935846895955	1.2000000476837158	2.5	2.5	2.5	30.3121	81.2482	324.9855	76.0	271461.0	15.0	1438.0	747.2993	2.0239	1664.0342	8684.6073	9146.0	109563.0	2535.0	11774.0	2532.5288	20.185672648542095
sub-33_task-conversation_run-02_bold	0.00039685863874345547	0.04927955759162304	0	62.528862833164446	1.0796465384790215	0.9951186095104897	0.5192	13809.8428	0.2365940452662815	281	49.040139616055846	2.417082666666667	2.310772	2.574016	2.36646	0.00992682	0.014748914167284966	0.011484666727483273	573	84	84	54	3.562813162165657	1.2000000476837158	2.5	2.5	2.5	30.7034	82.8006	328.1312	77.0	271257.0	15.0	1456.0	747.4348	1.9732	1664.1964	8621.7584	9092.0	109767.0	2408.0	11732.0	2551.9044	21.283586808945984
sub-33_task-conversation_run-03_bold	0.0004945898778359511	0.04755407190226876	0	62.35684935687061	1.083384945506993	1.000182691975524	0.5198	13728.0107	0.22345628608493975	254	44.32809773123909	2.3979773333333334	2.29376	2.541348	2.358824	0.0103977	0.015198017470538616	0.010940815322101116	573	84	84	54	3.5494794601802493	1.2000000476837158	2.5	2.5	2.5	29.4797	82.8575	329.6434	77.0	271097.0	15.0	1457.0	750.233	1.937	1670.4627	8589.45	9062.0	109927.0	2392.0	11703.0	2553.0388	21.606791830970906
sub-34_task-conversation_run-01_bold	0.0006199301919720768	0.03950124746945899	0	54.185311944388076	1.1604053186014	1.0049149037237763	0.44	40944.4219	0.16454538453798156	158	27.574171029668413	2.6573786666666668	2.5896719999999998	2.779964	2.6025	0.0074476	-0.0031194165349006653	0.011853332631289959	573	84	84	54	3.5055835589027717	1.2000000476837158	2.5	2.5	2.5	70.9216	48.5701	274.6746	53.0	299114.0	15.0	1230.0	754.3065	2.1487	1774.8052	10059.2215	10797.0	81910.0	2283.0	13428.0	3079.9249	27.2627611476928
sub-34_task-conversation_run-02_bold	0.0006400174520069808	0.04863318027923211	0	54.84431639583918	1.141708891468531	0.9966403823426575	0.441	40264.0391	0.1982700827275215	200	34.904013961605585	2.675668	2.61674	2.796292	2.613972	0.00933875	-0.0035310285165905952	0.012453199364244938	573	84	84	54	3.5385980375085895	1.2000000476837158	2.5	2.5	2.5	69.0989	49.7616	283.5501	54.0	299354.0	15.0	1285.0	778.5367	2.2164	1751.9935	10071.6054	10798.0	81670.0	2338.0	13403.0	3051.4723	25.175571670755744
sub-34_task-conversation_run-03_bold	0.0014850785340314136	0.047425121640488656	0	56.746227037727266	1.1434913049999988	1.0131290226573428	0.4413	40240.9688	0.27393390160693326	313	54.62478184991274	2.6815786666666668	2.61664	2.803372	2.624724	0.00875329	-0.003466666443273425	0.012398075312376022	573	84	84	54	3.4994448552596076	1.2000000476837158	2.5	2.5	2.5	68.3207	49.5262	283.0069	54.0	299095.0	15.0	1289.0	772.7592	2.1391	1756.4565	10027.0265	10773.0	81929.0	2213.0	13377.0	3078.4695	25.34535443689674
sub-42_task-conversation_run-01_bold	0.004853717277486911	0.11328094485165793	0	72.57420349115388	1.0921384312762241	1.0413264318881124	0.4897	23885.0391	0.609936484264483	486	84.81675392670157	2.7814960000000006	2.6530560000000003	3.022352	2.66908	0.00500239	0.01653590425848961	0.013337287120521069	573	84	84	54	3.558962896723008	1.2000000476837158	2.5	2.5	2.5	27.7062	60.8359	311.7855	61.0	283092.0	15.0	1420.0	749.7256	1.8669	1465.165	8749.274	9366.0	97932.0	2217.0	11763.0	2631.6521	16.161588710092474
sub-42_task-conversation_run-02_bold	0.0035371378708551476	0.14231357696335079	0	80.16031834139861	1.0499882172027983	1.0039317596153847	0.49	23911.0918	0.8220167678225442	508	88.65619546247818	2.853877333333333	2.66524	3.11152	2.784872	0.0054744	0.015674792230129242	0.01419766154140234	573	84	84	54	3.644425999064241	1.2000000476837158	2.5	2.5	2.5	28.0849	59.6637	309.504	60.0	283482.0	15.0	1415.0	730.8023	1.9391	1424.3152	8727.3728	9331.0	97542.0	2395.0	11629.0	2560.3352	14.782116173766553
sub-42_task-conversation_run-03_bold	0.0031155148342059337	0.12729650471204187	0	80.36014595550704	1.0609640922377623	1.0080467358041958	0.4886	23958.8809	0.7926719772251554	506	88.30715532286213	2.786636	2.659396	3.033964	2.6665479999999997	0.00612712	0.015622538514435291	0.014722326770424843	573	84	84	54	3.6033465845018373	1.2000000476837158	2.5	2.5	2.5	28.6834	59.5706	301.6364	60.0	283487.0	15.0	1364.0	707.1855	1.8895	1438.2993	8720.9114	9330.0	97537.0	2313.0	11661.0	2589.2464	15.476627462427132
sub-43_task-conversation_run-01_bold	0.003097674825174825	0.10755257237762238	1	60.09418170229424	1.0300538334676004	0.9379158792294214	0.4883	32381.5469	0.26443198184622696	271	47.37762237762238	2.5482746666666665	2.40264	2.7042159999999997	2.5379680000000002	0.00628419	0.0013562688836827874	0.015524540096521378	572	84	84	54	3.9419101075352585	1.2000000476837158	2.5	2.5	2.5	41.7178	51.974	250.4928	55.0	280215.0	15.0	1005.0	644.7507	2.7211	1675.5244	9566.3288	9984.0	100809.0	3570.0	12657.0	2532.7697	17.494753264822066
sub-43_task-conversation_run-02_bold	0.00030458987783595114	0.03711232478184991	0	58.159966635646825	1.1265142221328677	0.9939182968006995	0.4871	33298.8203	0.18392309367543877	210	36.64921465968586	2.3278053333333335	2.211548	2.474496	2.297372	0.0134857	0.0024428085889667273	0.015722641721367836	573	84	84	54	3.7647003736532128	1.2000000476837158	2.5	2.5	2.5	44.6321	50.8069	246.6161	54.0	279751.0	15.0	970.0	649.1401	2.4617	1772.1208	9512.237	9943.0	101273.0	3196.0	12758.0	2641.1002	25.55493868771009
sub-43_task-conversation_run-03_bold	0.0009088830715532286	0.06450140104712042	0	60.62448522253499	1.0881158937237772	0.9779699105944053	0.488	32266.3965	0.27077862938802366	319	55.67190226876091	2.4152453333333335	2.2889600000000003	2.557632	2.399144	0.00864994	0.00245422450825572	0.016131551936268806	573	84	84	54	3.8425285364914186	1.2000000476837158	2.5	2.5	2.5	45.7673	51.8924	250.1705	55.0	280002.0	15.0	997.0	648.6661	2.5134	1727.0347	9521.7767	9940.0	101022.0	3360.0	12699.0	2586.8255	21.13476683117915
sub-49_task-conversation_run-01_bold	0.0019139092495636999	0.07922632164048866	0	67.92974195958031	1.125206015699301	1.009037414073427	0.5095	23276.1387	0.30376001716534756	303	52.87958115183246	2.4716359999999997	2.2848479999999998	2.6824839999999996	2.447576	0.00627161	0.003403071779757738	0.029950445517897606	573	84	84	54	3.9863477703955996	1.2000000476837158	2.5	2.5	2.5	27.4693	57.8913	355.6682	59.0	278935.0	15.0	1813.0	868.8449	2.9949	1357.6133	8624.0765	9036.0	102089.0	3177.0	11296.0	2266.7254	19.376525644445792
sub-49_task-conversation_run-02_bold	0.001020523560209424	0.07741974101221641	0	69.24119000998256	1.114909429318182	0.996428716975524	0.5106	22580.2832	0.3225610742243064	352	61.43106457242583	2.45452	2.266996	2.661656	2.434908	0.00935948	0.003536029951646924	0.02943141758441925	573	84	84	54	3.9375387118874996	1.2000000476837158	2.5	2.5	2.5	27.0402	59.0816	354.447	60.0	278459.0	15.0	1813.0	851.7439	2.8445	1361.3705	8546.0766	8971.0	102565.0	3028.0	11231.0	2278.3157	19.51311189617263
sub-49_task-conversation_run-03_bold	0.0016123385689354277	0.07099370139616056	0	69.28502511657331	1.127391500472026	1.0157991963636361	0.5076	23766.0684	0.35980261095898575	381	66.49214659685863	2.3924946666666664	2.1953240000000003	2.610124	2.372036	0.0118141	0.004895994905382395	0.03272052854299545	573	84	84	54	4.027761126373696	1.2000000476837158	2.5	2.5	2.5	26.8032	56.8098	350.6269	58.0	279894.0	15.0	1779.0	841.9308	2.9691	1357.748	8612.8812	9002.0	101130.0	3268.0	11292.0	2234.9775	20.338224058505148
sub-52_task-conversation_run-01_bold	0.0034953577661431066	0.07005230820244328	0	73.8013095656469	1.0120069081818173	0.9994660946328677	0.5302	547.2081	0.5328725403696426	500	87.26003490401396	3.3223346666666664	3.23764	3.2961199999999997	3.4332439999999997	0.00237793	0.004801158793270588	0.030525822192430496	573	84	84	54	2.999274322964754	1.2000000476837158	2.5	2.5	2.5	29.637	13.0795	45.3829	28.0	289500.0	15.0	134.0	56.7754	0.6191	185.0911	672.0647	666.0	91524.0	269.0	1055.0	222.0525	14.345870582357747
sub-52_task-conversation_run-02_bold	0.0034964048865619543	0.05164972059336823	0	74.61366782164336	1.0587988288461547	1.0360868895979019	0.5272	568.2116	0.5445630396374795	477	83.24607329842932	3.125021333333333	2.99672	3.139892	3.238452	0.00350348	0.005585948470979929	0.030346719548106194	573	84	84	54	2.9354601721094	1.2000000476837158	2.5	2.5	2.5	33.2627	12.9113	43.9321	28.0	288950.0	15.0	127.0	56.0717	0.649	183.8013	668.4066	664.0	92074.0	245.0	1057.0	226.1984	16.028873347386252
sub-52_task-conversation_run-03_bold	0.006383001745200698	0.07753924607329842	0	77.6023075196154	1.0682062309440554	1.063362773531467	0.5305	555.0547	0.6049847056216855	512	89.3542757417103	3.4090546666666666	3.257084	3.348388	3.6216920000000004	0.00415472	0.004200042225420475	0.029959455132484436	573	84	84	54	3.0178350903583677	1.2000000476837158	2.5	2.5	2.5	31.1997	13.0899	45.385	28.0	289313.0	15.0	135.0	57.8782	0.6153	183.5477	671.8694	666.0	91711.0	271.0	1052.0	220.6868	13.789904956996907
sub-53_task-conversation_run-01_bold	0.00032968586387434556	0.027190669633507854	0	69.43837907430074	1.0478845228321676	0.9973811276573428	0.5044	544.1955	0.2428229893096268	291	50.78534031413613	2.7092333333333336	2.545232	2.804012	2.778456	0.00816552	0.0023271054960787296	0.025700457394123077	573	84	84	54	2.7363493806494614	1.2000000476837158	2.5	2.5	2.5	33.9106	11.6486	41.0639	27.0	299985.0	15.0	113.0	52.187	0.5765	176.3236	623.3536	623.0	81039.0	175.0	1011.0	227.6742	19.509761046501808
sub-53_task-conversation_run-02_bold	0.0005123211169284469	0.022210141012216404	0	68.58599849543708	1.0561825356818175	1.0041070404370636	0.5031	554.48	0.21804625318533932	278	48.51657940663176	2.692968	2.5307839999999997	2.775564	2.7725560000000002	0.00736872	0.002589997136965394	0.025806592777371407	573	84	84	54	2.737618133074486	1.2000000476837158	2.5	2.5	2.5	33.4681	11.2165	40.7469	26.0	300292.0	15.0	114.0	51.8847	0.5883	175.8255	624.8728	622.0	80732.0	182.0	1016.0	227.2034	20.844013480236754
sub-53_task-conversation_run-03_bold	0.0008162303664921466	0.03471022757417103	0	67.85207593699303	1.0345673657167835	0.995902337185314	0.5035	554.8875	0.22554979926685992	274	47.818499127399654	2.7581906666666662	2.574792	2.824732	2.875048	0.00705381	0.0030520970467478037	0.026755472645163536	573	84	84	54	2.743581546681434	1.2000000476837158	2.5	2.5	2.5	33.4874	11.5555	40.6552	26.0	300244.0	15.0	113.0	51.9099	0.58	174.1514	622.0291	619.0	80780.0	183.0	1010.0	225.6161	18.487384734558873
sub-54_task-conversation_run-01_bold	0.0031467190226876092	0.053649307155322866	0	68.02792175652104	1.1722260690559427	1.0312008832342678	0.486	27139.9648	0.28920944361306167	327	57.068062827225134	2.4961053333333334	2.347024	2.70418	2.437112	0.00377662	0.001731762895360589	0.021517867222428322	573	84	84	54	3.5652635744150887	1.2000000476837158	2.5	2.5	2.5	34.9289	45.8856	286.9633	50.0	285132.0	14.0	1415.0	730.4955	2.0436	1609.5135	7918.5298	8276.0	95892.0	2461.0	10845.0	2321.2749	19.73294815092231
sub-54_task-conversation_run-02_bold	0.0031310820244328094	0.06974081570680629	0	67.2491396456818	1.1553091673951048	1.0198071080594409	0.4869	26720.5527	0.2918054882054415	354	61.78010471204188	2.5006706666666667	2.352872	2.741276	2.407864	0.00232289	0.0021235565654933453	0.024121489375829697	573	84	84	54	3.638873570633809	1.2000000476837158	2.5	2.5	2.5	36.1805	48.3566	296.475	52.0	285345.0	15.0	1458.0	743.356	2.2695	1513.7238	8109.36	8490.0	95679.0	2544.0	10969.0	2333.1274	18.749622050556354
sub-54_task-conversation_run-03_bold	0.0021619022687609075	0.06136192879581152	0	67.03042387138113	1.1536356566783212	1.012342967430069	0.4871	26378.1816	0.2967106696052211	358	62.478184991274	2.4888826666666666	2.3536799999999998	2.7069400000000003	2.406028	0.00285697	0.0023517152294516563	0.02388845942914486	573	84	84	54	3.6241767987594145	1.2000000476837158	2.5	2.5	2.5	37.7413	48.4653	297.9163	52.0	285275.0	15.0	1473.0	746.086	2.2325	1534.4643	8119.5206	8498.0	95749.0	2521.0	10998.0	2344.7961	19.676714351109695
sub-55_task-conversation_run-01_bold	0.000559912739965096	0.03476961239092496	0	54.824020952395124	1.1034091359440559	0.9847464869580413	0.4769	28877.959	0.13136039619879383	87	15.18324607329843	2.4960386666666667	2.375876	2.681876	2.430364	0.00632743	0.002072635805234313	0.01691950298845768	573	84	84	54	3.5675644050214794	1.2000000476837158	2.5	2.5	2.5	42.1534	51.6608	253.4696	54.0	285030.0	14.0	1030.0	677.7737	1.8441	1932.2393	8846.9974	9182.0	95994.0	2930.0	12159.0	2573.7313	24.29019786650315
sub-55_task-conversation_run-02_bold	0.00047535776614310646	0.027410108376963352	0	55.00023062926572	1.1186423942832184	1.0017796254020985	0.4773	28257.6504	0.13920131119620907	94	16.404886561954626	2.4577506666666666	2.364984	2.644532	2.3637360000000003	0.00772525	0.0019508837722241879	0.016840536147356033	573	84	84	54	3.541402079331049	1.2000000476837158	2.5	2.5	2.5	42.4469	51.6194	256.2517	54.0	284999.0	14.0	1045.0	682.8615	1.8428	1920.6113	8801.1128	9142.0	96025.0	2825.0	12127.0	2581.45	25.776397643610835
sub-55_task-conversation_run-03_bold	0.00039635253054101226	0.02845571815008726	0	55.180370557412544	1.117973409388111	1.0029865497377624	0.4781	27432.7051	0.15155498984054053	122	21.291448516579408	2.445478666666667	2.344296	2.634344	2.357796	0.00843193	0.0018015403766185045	0.016660166904330254	573	84	84	54	3.5433151030590264	1.2000000476837158	2.5	2.5	2.5	41.8378	52.7087	257.9541	55.0	284855.0	14.0	1057.0	683.9883	1.8255	1910.6573	8765.0322	9107.0	96169.0	2801.0	12087.0	2570.1786	25.423672915785573
